subj_idx,response,participant_code,is_self,is_surprise,condition,rt
1,1,an_ta_1995_12_26_945_m,SELF,NOSURPRISE,CE,2.709
1,1,an_ta_1995_12_26_945_m,SELF,NOSURPRISE,CE,1.958
1,0.625841471729567,an_ta_1995_12_26_945_m,SELF,NOSURPRISE,CE,3
1,1,an_ta_1995_12_26_945_m,SELF,NOSURPRISE,CE,1.873
1,0,an_ta_1995_12_26_945_m,SELF,NOSURPRISE,CE,1.624
1,0,an_ta_1995_12_26_945_m,SELF,NOSURPRISE,CE,2.909
1,1,an_ta_1995_12_26_945_m,SELF,NOSURPRISE,CE,1.435
1,1,an_ta_1995_12_26_945_m,SELF,NOSURPRISE,CE,2.239
1,1,an_ta_1995_12_26_945_m,SELF,NOSURPRISE,CE,2.18
1,1,an_ta_1995_12_26_945_m,SELF,NOSURPRISE,CE,1.712
1,1,an_ta_1995_12_26_945_m,SELF,NOSURPRISE,CE,1.821
1,0,an_ta_1995_12_26_945_m,SELF,NOSURPRISE,CE,1.869
1,0,an_ta_1995_12_26_945_m,SELF,NOSURPRISE,CE,2.695
1,1,an_ta_1995_12_26_945_m,SELF,NOSURPRISE,CE,1.805
1,1,an_ta_1995_12_26_945_m,SELF,NOSURPRISE,CE,0.973
1,0,an_ta_1995_12_26_945_m,SELF,NOSURPRISE,CE,2.331
1,0,an_ta_1995_12_26_945_m,SELF,NOSURPRISE,CE,2.192
1,1,an_ta_1995_12_26_945_m,SELF,NOSURPRISE,CE,2.283
1,1,an_ta_1995_12_26_945_m,SELF,NOSURPRISE,CE,1.351
1,1,an_ta_1995_12_26_945_m,SELF,NOSURPRISE,CE,2.19
1,1,an_ta_1995_12_26_945_m,SELF,NOSURPRISE,CE,2.348
1,1,an_ta_1995_12_26_945_m,SELF,NOSURPRISE,CE,1.599
1,1,an_ta_1995_12_26_945_m,SELF,NOSURPRISE,CE,2.459
1,1,an_ta_1995_12_26_945_m,SELF,NOSURPRISE,CE,2.026
1,1,an_ta_1995_12_26_945_m,SELF,NOSURPRISE,CE,2.379
1,0,an_ta_1995_12_26_945_m,SELF,NOSURPRISE,CE,2.236
1,1,an_ta_1995_12_26_945_m,SELF,NOSURPRISE,CE,1.933
1,1,an_ta_1995_12_26_945_m,SELF,NOSURPRISE,CE,1.936
1,0.625841471729567,an_ta_1995_12_26_945_m,SELF,NOSURPRISE,CE,3
1,1,an_ta_1995_12_26_945_m,SELF,NOSURPRISE,CE,2.798
1,1,an_ta_1995_12_26_945_m,SELF,NOSURPRISE,CE,1.06
1,1,an_ta_1995_12_26_945_m,SELF,NOSURPRISE,CE,0.878
1,1,an_ta_1995_12_26_945_m,SELF,NOSURPRISE,CE,2.489
1,1,an_ta_1995_12_26_945_m,SELF,NOSURPRISE,CE,2.171
1,1,an_ta_1995_12_26_945_m,SELF,NOSURPRISE,CE,1.505
1,1,an_ta_1995_12_26_945_m,SELF,NOSURPRISE,CE,1.085
1,0,an_ta_1995_12_26_945_m,SELF,NOSURPRISE,CE,2.194
1,1,an_ta_1995_12_26_945_m,SELF,NOSURPRISE,CE,1.931
1,1,an_ta_1995_12_26_945_m,SELF,NOSURPRISE,CE,1.383
1,1,an_ta_1995_12_26_945_m,SELF,NOSURPRISE,CE,2.001
1,1,an_ta_1995_12_26_945_m,SELF,NOSURPRISE,CE,1.366
1,1,an_ta_1995_12_26_945_m,SELF,NOSURPRISE,CE,2.448
1,1,an_ta_1995_12_26_945_m,SELF,NOSURPRISE,CE,1.441
1,1,an_ta_1995_12_26_945_m,SELF,NOSURPRISE,CE,2.37
1,1,an_ta_1995_12_26_945_m,SELF,NOSURPRISE,CE,1.396
1,0.625841471729567,an_ta_1995_12_26_945_m,SELF,NOSURPRISE,CE,3
1,1,an_ta_1995_12_26_945_m,SELF,NOSURPRISE,CE,1.446
1,1,an_ta_1995_12_26_945_m,SELF,NOSURPRISE,CE,2.62
1,0,an_ta_1995_12_26_945_m,SELF,NOSURPRISE,CE,2.414
1,0,an_ta_1995_12_26_945_m,SELF,NOSURPRISE,CE,2.258
1,1,an_ta_1995_12_26_945_m,STRANGER,NOSURPRISE,CO,1.919
1,0,an_ta_1995_12_26_945_m,STRANGER,NOSURPRISE,CO,1.734
1,1,an_ta_1995_12_26_945_m,STRANGER,NOSURPRISE,CO,2.166
1,1,an_ta_1995_12_26_945_m,STRANGER,NOSURPRISE,CO,1.986
1,1,an_ta_1995_12_26_945_m,STRANGER,NOSURPRISE,CO,1.968
1,1,an_ta_1995_12_26_945_m,STRANGER,NOSURPRISE,CO,1.86
1,0,an_ta_1995_12_26_945_m,STRANGER,NOSURPRISE,CO,1.547
1,1,an_ta_1995_12_26_945_m,STRANGER,NOSURPRISE,CO,1.524
1,1,an_ta_1995_12_26_945_m,STRANGER,NOSURPRISE,CO,1.259
1,1,an_ta_1995_12_26_945_m,STRANGER,NOSURPRISE,CO,1.693
1,1,an_ta_1995_12_26_945_m,STRANGER,NOSURPRISE,CO,2.724
1,0,an_ta_1995_12_26_945_m,STRANGER,NOSURPRISE,CO,2.365
1,1,an_ta_1995_12_26_945_m,STRANGER,NOSURPRISE,CO,1.361
1,0,an_ta_1995_12_26_945_m,STRANGER,NOSURPRISE,CO,2.049
1,1,an_ta_1995_12_26_945_m,STRANGER,NOSURPRISE,CO,1.109
1,1,an_ta_1995_12_26_945_m,STRANGER,NOSURPRISE,CO,1.328
1,0,an_ta_1995_12_26_945_m,STRANGER,NOSURPRISE,CO,2.139
1,1,an_ta_1995_12_26_945_m,STRANGER,NOSURPRISE,CO,2.274
1,1,an_ta_1995_12_26_945_m,STRANGER,NOSURPRISE,CO,2.126
1,1,an_ta_1995_12_26_945_m,STRANGER,NOSURPRISE,CO,1.577
1,0,an_ta_1995_12_26_945_m,STRANGER,NOSURPRISE,CO,1.887
1,1,an_ta_1995_12_26_945_m,STRANGER,NOSURPRISE,CO,2.212
1,1,an_ta_1995_12_26_945_m,STRANGER,NOSURPRISE,CO,2.556
1,1,an_ta_1995_12_26_945_m,STRANGER,NOSURPRISE,CO,2.789
1,1,an_ta_1995_12_26_945_m,STRANGER,NOSURPRISE,CO,1.36
1,1,an_ta_1995_12_26_945_m,STRANGER,NOSURPRISE,CO,1.723
1,1,an_ta_1995_12_26_945_m,STRANGER,NOSURPRISE,CO,1.915
1,1,an_ta_1995_12_26_945_m,STRANGER,NOSURPRISE,CO,0.931
1,0,an_ta_1995_12_26_945_m,STRANGER,NOSURPRISE,CO,2.493
1,1,an_ta_1995_12_26_945_m,STRANGER,NOSURPRISE,CO,2.071
1,1,an_ta_1995_12_26_945_m,STRANGER,NOSURPRISE,CO,1.835
1,0,an_ta_1995_12_26_945_m,STRANGER,NOSURPRISE,CO,1.572
1,1,an_ta_1995_12_26_945_m,STRANGER,NOSURPRISE,CO,2.292
1,1,an_ta_1995_12_26_945_m,STRANGER,NOSURPRISE,CO,1.812
1,1,an_ta_1995_12_26_945_m,STRANGER,NOSURPRISE,CO,1.853
1,1,an_ta_1995_12_26_945_m,STRANGER,NOSURPRISE,CO,1.618
1,0.58807140968171,an_ta_1995_12_26_945_m,STRANGER,NOSURPRISE,CO,3
1,1,an_ta_1995_12_26_945_m,STRANGER,NOSURPRISE,CO,1.226
1,1,an_ta_1995_12_26_945_m,STRANGER,NOSURPRISE,CO,0.966
1,1,an_ta_1995_12_26_945_m,STRANGER,NOSURPRISE,CO,1.299
1,1,an_ta_1995_12_26_945_m,STRANGER,NOSURPRISE,CO,1.468
1,1,an_ta_1995_12_26_945_m,STRANGER,NOSURPRISE,CO,1.753
1,1,an_ta_1995_12_26_945_m,STRANGER,NOSURPRISE,CO,2.639
1,1,an_ta_1995_12_26_945_m,STRANGER,NOSURPRISE,CO,1.975
1,1,an_ta_1995_12_26_945_m,STRANGER,NOSURPRISE,CO,1.997
1,1,an_ta_1995_12_26_945_m,STRANGER,NOSURPRISE,CO,1.285
1,1,an_ta_1995_12_26_945_m,STRANGER,NOSURPRISE,CO,0.857
1,1,an_ta_1995_12_26_945_m,STRANGER,NOSURPRISE,CO,1.681
1,1,an_ta_1995_12_26_945_m,STRANGER,NOSURPRISE,CO,0.871
1,1,an_ta_1995_12_26_945_m,STRANGER,NOSURPRISE,CO,1.918
1,0,an_ta_1995_12_26_945_m,SELF,SURPRISE,SE,2.611
1,1,an_ta_1995_12_26_945_m,SELF,SURPRISE,SE,1.572
1,1,an_ta_1995_12_26_945_m,SELF,SURPRISE,SE,2.447
1,1,an_ta_1995_12_26_945_m,SELF,SURPRISE,SE,2.299
1,0,an_ta_1995_12_26_945_m,SELF,SURPRISE,SE,2.158
1,1,an_ta_1995_12_26_945_m,SELF,SURPRISE,SE,1.255
1,1,an_ta_1995_12_26_945_m,SELF,SURPRISE,SE,0.893
1,1,an_ta_1995_12_26_945_m,SELF,SURPRISE,SE,0.881
1,1,an_ta_1995_12_26_945_m,SELF,SURPRISE,SE,1.629
1,0,an_ta_1995_12_26_945_m,SELF,SURPRISE,SE,2.852
1,1,an_ta_1995_12_26_945_m,SELF,SURPRISE,SE,1.766
1,0,an_ta_1995_12_26_945_m,SELF,SURPRISE,SE,2.276
1,1,an_ta_1995_12_26_945_m,SELF,SURPRISE,SE,1.638
1,0.602456143548392,an_ta_1995_12_26_945_m,SELF,SURPRISE,SE,3
1,0,an_ta_1995_12_26_945_m,SELF,SURPRISE,SE,1.82
1,1,an_ta_1995_12_26_945_m,SELF,SURPRISE,SE,1.63
1,1,an_ta_1995_12_26_945_m,SELF,SURPRISE,SE,1.869
1,1,an_ta_1995_12_26_945_m,SELF,SURPRISE,SE,1.631
1,1,an_ta_1995_12_26_945_m,SELF,SURPRISE,SE,2.362
1,1,an_ta_1995_12_26_945_m,SELF,SURPRISE,SE,1.664
1,1,an_ta_1995_12_26_945_m,SELF,SURPRISE,SE,2.938
1,0,an_ta_1995_12_26_945_m,SELF,SURPRISE,SE,2.809
1,1,an_ta_1995_12_26_945_m,SELF,SURPRISE,SE,1.902
1,0.602456143548392,an_ta_1995_12_26_945_m,SELF,SURPRISE,SE,3
1,1,an_ta_1995_12_26_945_m,SELF,SURPRISE,SE,1.824
1,0,an_ta_1995_12_26_945_m,SELF,SURPRISE,SE,2.997
1,1,an_ta_1995_12_26_945_m,SELF,SURPRISE,SE,1.51
1,1,an_ta_1995_12_26_945_m,SELF,SURPRISE,SE,1.321
1,1,an_ta_1995_12_26_945_m,SELF,SURPRISE,SE,1.26
1,1,an_ta_1995_12_26_945_m,SELF,SURPRISE,SE,2.122
1,1,an_ta_1995_12_26_945_m,SELF,SURPRISE,SE,2.722
1,1,an_ta_1995_12_26_945_m,SELF,SURPRISE,SE,1.84
1,1,an_ta_1995_12_26_945_m,SELF,SURPRISE,SE,2.043
1,0.602456143548392,an_ta_1995_12_26_945_m,SELF,SURPRISE,SE,3
1,1,an_ta_1995_12_26_945_m,SELF,SURPRISE,SE,1.836
1,0.602456143548392,an_ta_1995_12_26_945_m,SELF,SURPRISE,SE,3
1,1,an_ta_1995_12_26_945_m,SELF,SURPRISE,SE,1.274
1,1,an_ta_1995_12_26_945_m,SELF,SURPRISE,SE,1.516
1,0,an_ta_1995_12_26_945_m,SELF,SURPRISE,SE,2.759
1,0.602456143548392,an_ta_1995_12_26_945_m,SELF,SURPRISE,SE,3
1,1,an_ta_1995_12_26_945_m,SELF,SURPRISE,SE,1.64
1,1,an_ta_1995_12_26_945_m,SELF,SURPRISE,SE,2.114
1,1,an_ta_1995_12_26_945_m,SELF,SURPRISE,SE,2.358
1,0,an_ta_1995_12_26_945_m,SELF,SURPRISE,SE,2.181
1,0,an_ta_1995_12_26_945_m,SELF,SURPRISE,SE,1.362
1,1,an_ta_1995_12_26_945_m,SELF,SURPRISE,SE,1.311
1,1,an_ta_1995_12_26_945_m,SELF,SURPRISE,SE,0.912
1,0,an_ta_1995_12_26_945_m,SELF,SURPRISE,SE,2.18
1,1,an_ta_1995_12_26_945_m,SELF,SURPRISE,SE,2.271
1,1,an_ta_1995_12_26_945_m,SELF,SURPRISE,SE,1.784
1,1,an_ta_1995_12_26_945_m,STRANGER,SURPRISE,SO,2.535
1,1,an_ta_1995_12_26_945_m,STRANGER,SURPRISE,SO,2.373
1,1,an_ta_1995_12_26_945_m,STRANGER,SURPRISE,SO,1.416
1,1,an_ta_1995_12_26_945_m,STRANGER,SURPRISE,SO,1.527
1,1,an_ta_1995_12_26_945_m,STRANGER,SURPRISE,SO,1.567
1,1,an_ta_1995_12_26_945_m,STRANGER,SURPRISE,SO,1.985
1,0,an_ta_1995_12_26_945_m,STRANGER,SURPRISE,SO,2.561
1,0,an_ta_1995_12_26_945_m,STRANGER,SURPRISE,SO,2.22
1,0,an_ta_1995_12_26_945_m,STRANGER,SURPRISE,SO,2.228
1,1,an_ta_1995_12_26_945_m,STRANGER,SURPRISE,SO,1.677
1,1,an_ta_1995_12_26_945_m,STRANGER,SURPRISE,SO,1.968
1,1,an_ta_1995_12_26_945_m,STRANGER,SURPRISE,SO,2.284
1,1,an_ta_1995_12_26_945_m,STRANGER,SURPRISE,SO,1.84
1,1,an_ta_1995_12_26_945_m,STRANGER,SURPRISE,SO,1.352
1,1,an_ta_1995_12_26_945_m,STRANGER,SURPRISE,SO,2.517
1,1,an_ta_1995_12_26_945_m,STRANGER,SURPRISE,SO,1.622
1,1,an_ta_1995_12_26_945_m,STRANGER,SURPRISE,SO,2.146
1,0.589356458136675,an_ta_1995_12_26_945_m,STRANGER,SURPRISE,SO,3
1,0,an_ta_1995_12_26_945_m,STRANGER,SURPRISE,SO,2.765
1,1,an_ta_1995_12_26_945_m,STRANGER,SURPRISE,SO,1.23
1,1,an_ta_1995_12_26_945_m,STRANGER,SURPRISE,SO,1.721
1,0,an_ta_1995_12_26_945_m,STRANGER,SURPRISE,SO,1.501
1,1,an_ta_1995_12_26_945_m,STRANGER,SURPRISE,SO,0.801
1,0,an_ta_1995_12_26_945_m,STRANGER,SURPRISE,SO,1.592
1,1,an_ta_1995_12_26_945_m,STRANGER,SURPRISE,SO,2.457
1,1,an_ta_1995_12_26_945_m,STRANGER,SURPRISE,SO,1.879
1,0,an_ta_1995_12_26_945_m,STRANGER,SURPRISE,SO,1.489
1,1,an_ta_1995_12_26_945_m,STRANGER,SURPRISE,SO,2.637
1,0,an_ta_1995_12_26_945_m,STRANGER,SURPRISE,SO,1.693
1,0,an_ta_1995_12_26_945_m,STRANGER,SURPRISE,SO,2.365
1,1,an_ta_1995_12_26_945_m,STRANGER,SURPRISE,SO,0.824
1,1,an_ta_1995_12_26_945_m,STRANGER,SURPRISE,SO,2.396
1,1,an_ta_1995_12_26_945_m,STRANGER,SURPRISE,SO,1.503
1,1,an_ta_1995_12_26_945_m,STRANGER,SURPRISE,SO,2.466
1,0,an_ta_1995_12_26_945_m,STRANGER,SURPRISE,SO,2.396
1,1,an_ta_1995_12_26_945_m,STRANGER,SURPRISE,SO,2.546
1,1,an_ta_1995_12_26_945_m,STRANGER,SURPRISE,SO,1.023
1,1,an_ta_1995_12_26_945_m,STRANGER,SURPRISE,SO,1.413
1,1,an_ta_1995_12_26_945_m,STRANGER,SURPRISE,SO,1.487
1,1,an_ta_1995_12_26_945_m,STRANGER,SURPRISE,SO,2.359
1,1,an_ta_1995_12_26_945_m,STRANGER,SURPRISE,SO,2.68
1,0,an_ta_1995_12_26_945_m,STRANGER,SURPRISE,SO,1.303
1,1,an_ta_1995_12_26_945_m,STRANGER,SURPRISE,SO,2.293
1,0,an_ta_1995_12_26_945_m,STRANGER,SURPRISE,SO,1.852
1,1,an_ta_1995_12_26_945_m,STRANGER,SURPRISE,SO,1.093
1,1,an_ta_1995_12_26_945_m,STRANGER,SURPRISE,SO,1.834
1,1,an_ta_1995_12_26_945_m,STRANGER,SURPRISE,SO,1.004
1,0,an_ta_1995_12_26_945_m,STRANGER,SURPRISE,SO,1.872
1,0,an_ta_1995_12_26_945_m,STRANGER,SURPRISE,SO,1.468
1,1,an_ta_1995_12_26_945_m,STRANGER,SURPRISE,SO,2.632
2,0,fr_pi_1996_06_22_986_m,SELF,NOSURPRISE,CE,1.983
2,1,fr_pi_1996_06_22_986_m,SELF,NOSURPRISE,CE,1.395
2,1,fr_pi_1996_06_22_986_m,SELF,NOSURPRISE,CE,1.123
2,1,fr_pi_1996_06_22_986_m,SELF,NOSURPRISE,CE,0.933
2,1,fr_pi_1996_06_22_986_m,SELF,NOSURPRISE,CE,1.103
2,1,fr_pi_1996_06_22_986_m,SELF,NOSURPRISE,CE,0.966
2,1,fr_pi_1996_06_22_986_m,SELF,NOSURPRISE,CE,1.623
2,1,fr_pi_1996_06_22_986_m,SELF,NOSURPRISE,CE,1.15
2,0,fr_pi_1996_06_22_986_m,SELF,NOSURPRISE,CE,1.729
2,1,fr_pi_1996_06_22_986_m,SELF,NOSURPRISE,CE,1.15
2,1,fr_pi_1996_06_22_986_m,SELF,NOSURPRISE,CE,1.202
2,1,fr_pi_1996_06_22_986_m,SELF,NOSURPRISE,CE,0.916
2,1,fr_pi_1996_06_22_986_m,SELF,NOSURPRISE,CE,1.304
2,1,fr_pi_1996_06_22_986_m,SELF,NOSURPRISE,CE,0.917
2,1,fr_pi_1996_06_22_986_m,SELF,NOSURPRISE,CE,1.311
2,0,fr_pi_1996_06_22_986_m,SELF,NOSURPRISE,CE,0.999
2,1,fr_pi_1996_06_22_986_m,SELF,NOSURPRISE,CE,1.526
2,1,fr_pi_1996_06_22_986_m,SELF,NOSURPRISE,CE,1.557
2,1,fr_pi_1996_06_22_986_m,SELF,NOSURPRISE,CE,2.17
2,1,fr_pi_1996_06_22_986_m,SELF,NOSURPRISE,CE,0.975
2,1,fr_pi_1996_06_22_986_m,SELF,NOSURPRISE,CE,1.511
2,0,fr_pi_1996_06_22_986_m,SELF,NOSURPRISE,CE,1.614
2,1,fr_pi_1996_06_22_986_m,SELF,NOSURPRISE,CE,1.759
2,1,fr_pi_1996_06_22_986_m,SELF,NOSURPRISE,CE,1.089
2,1,fr_pi_1996_06_22_986_m,SELF,NOSURPRISE,CE,1.652
2,0.684538622295671,fr_pi_1996_06_22_986_m,SELF,NOSURPRISE,CE,3
2,1,fr_pi_1996_06_22_986_m,SELF,NOSURPRISE,CE,1.216
2,1,fr_pi_1996_06_22_986_m,SELF,NOSURPRISE,CE,2.045
2,0,fr_pi_1996_06_22_986_m,SELF,NOSURPRISE,CE,2.394
2,1,fr_pi_1996_06_22_986_m,SELF,NOSURPRISE,CE,1.434
2,1,fr_pi_1996_06_22_986_m,SELF,NOSURPRISE,CE,2.349
2,0,fr_pi_1996_06_22_986_m,SELF,NOSURPRISE,CE,2.564
2,1,fr_pi_1996_06_22_986_m,SELF,NOSURPRISE,CE,1.643
2,1,fr_pi_1996_06_22_986_m,SELF,NOSURPRISE,CE,1.86
2,1,fr_pi_1996_06_22_986_m,SELF,NOSURPRISE,CE,0.98
2,0,fr_pi_1996_06_22_986_m,SELF,NOSURPRISE,CE,0.988
2,1,fr_pi_1996_06_22_986_m,SELF,NOSURPRISE,CE,0.954
2,0,fr_pi_1996_06_22_986_m,SELF,NOSURPRISE,CE,1.219
2,0.803716940033203,fr_pi_1996_06_22_986_m,SELF,NOSURPRISE,CE,1.974
2,1,fr_pi_1996_06_22_986_m,SELF,NOSURPRISE,CE,1.068
2,0,fr_pi_1996_06_22_986_m,SELF,NOSURPRISE,CE,2.473
2,1,fr_pi_1996_06_22_986_m,SELF,NOSURPRISE,CE,1.651
2,1,fr_pi_1996_06_22_986_m,SELF,NOSURPRISE,CE,1.229
2,1,fr_pi_1996_06_22_986_m,SELF,NOSURPRISE,CE,1.175
2,0,fr_pi_1996_06_22_986_m,SELF,NOSURPRISE,CE,1.056
2,1,fr_pi_1996_06_22_986_m,SELF,NOSURPRISE,CE,1.153
2,1,fr_pi_1996_06_22_986_m,SELF,NOSURPRISE,CE,0.823
2,0,fr_pi_1996_06_22_986_m,SELF,NOSURPRISE,CE,1.381
2,1,fr_pi_1996_06_22_986_m,SELF,NOSURPRISE,CE,0.96
2,1,fr_pi_1996_06_22_986_m,SELF,NOSURPRISE,CE,1.427
2,1,fr_pi_1996_06_22_986_m,STRANGER,NOSURPRISE,CO,2.056
2,1,fr_pi_1996_06_22_986_m,STRANGER,NOSURPRISE,CO,1.776
2,1,fr_pi_1996_06_22_986_m,STRANGER,NOSURPRISE,CO,1.174
2,1,fr_pi_1996_06_22_986_m,STRANGER,NOSURPRISE,CO,1.181
2,1,fr_pi_1996_06_22_986_m,STRANGER,NOSURPRISE,CO,0.856
2,1,fr_pi_1996_06_22_986_m,STRANGER,NOSURPRISE,CO,0.82
2,1,fr_pi_1996_06_22_986_m,STRANGER,NOSURPRISE,CO,0.925
2,1,fr_pi_1996_06_22_986_m,STRANGER,NOSURPRISE,CO,1.097
2,1,fr_pi_1996_06_22_986_m,STRANGER,NOSURPRISE,CO,0.834
2,1,fr_pi_1996_06_22_986_m,STRANGER,NOSURPRISE,CO,0.954
2,1,fr_pi_1996_06_22_986_m,STRANGER,NOSURPRISE,CO,0.829
2,1,fr_pi_1996_06_22_986_m,STRANGER,NOSURPRISE,CO,1.344
2,1,fr_pi_1996_06_22_986_m,STRANGER,NOSURPRISE,CO,1.001
2,1,fr_pi_1996_06_22_986_m,STRANGER,NOSURPRISE,CO,1.948
2,1,fr_pi_1996_06_22_986_m,STRANGER,NOSURPRISE,CO,2.123
2,1,fr_pi_1996_06_22_986_m,STRANGER,NOSURPRISE,CO,1.073
2,0,fr_pi_1996_06_22_986_m,STRANGER,NOSURPRISE,CO,1.545
2,0,fr_pi_1996_06_22_986_m,STRANGER,NOSURPRISE,CO,2.148
2,0,fr_pi_1996_06_22_986_m,STRANGER,NOSURPRISE,CO,1.828
2,1,fr_pi_1996_06_22_986_m,STRANGER,NOSURPRISE,CO,0.991
2,1,fr_pi_1996_06_22_986_m,STRANGER,NOSURPRISE,CO,1.129
2,1,fr_pi_1996_06_22_986_m,STRANGER,NOSURPRISE,CO,1.287
2,1,fr_pi_1996_06_22_986_m,STRANGER,NOSURPRISE,CO,1.73
2,1,fr_pi_1996_06_22_986_m,STRANGER,NOSURPRISE,CO,1.208
2,1,fr_pi_1996_06_22_986_m,STRANGER,NOSURPRISE,CO,0.95
2,1,fr_pi_1996_06_22_986_m,STRANGER,NOSURPRISE,CO,1.114
2,1,fr_pi_1996_06_22_986_m,STRANGER,NOSURPRISE,CO,0.842
2,1,fr_pi_1996_06_22_986_m,STRANGER,NOSURPRISE,CO,1.317
2,1,fr_pi_1996_06_22_986_m,STRANGER,NOSURPRISE,CO,1.425
2,0,fr_pi_1996_06_22_986_m,STRANGER,NOSURPRISE,CO,2.542
2,1,fr_pi_1996_06_22_986_m,STRANGER,NOSURPRISE,CO,0.913
2,1,fr_pi_1996_06_22_986_m,STRANGER,NOSURPRISE,CO,1.619
2,1,fr_pi_1996_06_22_986_m,STRANGER,NOSURPRISE,CO,1.081
2,0,fr_pi_1996_06_22_986_m,STRANGER,NOSURPRISE,CO,0.993
2,1,fr_pi_1996_06_22_986_m,STRANGER,NOSURPRISE,CO,1.301
2,1,fr_pi_1996_06_22_986_m,STRANGER,NOSURPRISE,CO,1.279
2,1,fr_pi_1996_06_22_986_m,STRANGER,NOSURPRISE,CO,1.074
2,0,fr_pi_1996_06_22_986_m,STRANGER,NOSURPRISE,CO,1.895
2,0,fr_pi_1996_06_22_986_m,STRANGER,NOSURPRISE,CO,1.411
2,1,fr_pi_1996_06_22_986_m,STRANGER,NOSURPRISE,CO,0.981
2,1,fr_pi_1996_06_22_986_m,STRANGER,NOSURPRISE,CO,0.907
2,1,fr_pi_1996_06_22_986_m,STRANGER,NOSURPRISE,CO,1.225
2,1,fr_pi_1996_06_22_986_m,STRANGER,NOSURPRISE,CO,1.17
2,1,fr_pi_1996_06_22_986_m,STRANGER,NOSURPRISE,CO,1.81
2,1,fr_pi_1996_06_22_986_m,STRANGER,NOSURPRISE,CO,1.419
2,0,fr_pi_1996_06_22_986_m,STRANGER,NOSURPRISE,CO,1.548
2,1,fr_pi_1996_06_22_986_m,STRANGER,NOSURPRISE,CO,1.269
2,1,fr_pi_1996_06_22_986_m,STRANGER,NOSURPRISE,CO,1.312
2,1,fr_pi_1996_06_22_986_m,STRANGER,NOSURPRISE,CO,1.144
2,0,fr_pi_1996_06_22_986_m,STRANGER,NOSURPRISE,CO,0.679
2,1,fr_pi_1996_06_22_986_m,SELF,SURPRISE,SE,1.469
2,0,fr_pi_1996_06_22_986_m,SELF,SURPRISE,SE,1.77
2,0,fr_pi_1996_06_22_986_m,SELF,SURPRISE,SE,2.483
2,1,fr_pi_1996_06_22_986_m,SELF,SURPRISE,SE,1.196
2,1,fr_pi_1996_06_22_986_m,SELF,SURPRISE,SE,1.912
2,1,fr_pi_1996_06_22_986_m,SELF,SURPRISE,SE,1.456
2,1,fr_pi_1996_06_22_986_m,SELF,SURPRISE,SE,2.88
2,1,fr_pi_1996_06_22_986_m,SELF,SURPRISE,SE,2.009
2,0,fr_pi_1996_06_22_986_m,SELF,SURPRISE,SE,1.97
2,1,fr_pi_1996_06_22_986_m,SELF,SURPRISE,SE,1.485
2,0.661153294114496,fr_pi_1996_06_22_986_m,SELF,SURPRISE,SE,3
2,0,fr_pi_1996_06_22_986_m,SELF,SURPRISE,SE,1.443
2,1,fr_pi_1996_06_22_986_m,SELF,SURPRISE,SE,1.941
2,1,fr_pi_1996_06_22_986_m,SELF,SURPRISE,SE,1.978
2,0,fr_pi_1996_06_22_986_m,SELF,SURPRISE,SE,1.87
2,0,fr_pi_1996_06_22_986_m,SELF,SURPRISE,SE,1.871
2,1,fr_pi_1996_06_22_986_m,SELF,SURPRISE,SE,1.636
2,0,fr_pi_1996_06_22_986_m,SELF,SURPRISE,SE,1.168
2,1,fr_pi_1996_06_22_986_m,SELF,SURPRISE,SE,1.67
2,1,fr_pi_1996_06_22_986_m,SELF,SURPRISE,SE,1.701
2,1,fr_pi_1996_06_22_986_m,SELF,SURPRISE,SE,1.214
2,1,fr_pi_1996_06_22_986_m,SELF,SURPRISE,SE,1.525
2,1,fr_pi_1996_06_22_986_m,SELF,SURPRISE,SE,0.997
2,0,fr_pi_1996_06_22_986_m,SELF,SURPRISE,SE,1.366
2,1,fr_pi_1996_06_22_986_m,SELF,SURPRISE,SE,1.481
2,1,fr_pi_1996_06_22_986_m,SELF,SURPRISE,SE,1.228
2,1,fr_pi_1996_06_22_986_m,SELF,SURPRISE,SE,1.162
2,1,fr_pi_1996_06_22_986_m,SELF,SURPRISE,SE,1.28
2,0,fr_pi_1996_06_22_986_m,SELF,SURPRISE,SE,1.404
2,0,fr_pi_1996_06_22_986_m,SELF,SURPRISE,SE,1.702
2,1,fr_pi_1996_06_22_986_m,SELF,SURPRISE,SE,2.467
2,1,fr_pi_1996_06_22_986_m,SELF,SURPRISE,SE,1.938
2,1,fr_pi_1996_06_22_986_m,SELF,SURPRISE,SE,1.222
2,0,fr_pi_1996_06_22_986_m,SELF,SURPRISE,SE,1.671
2,1,fr_pi_1996_06_22_986_m,SELF,SURPRISE,SE,1.633
2,1,fr_pi_1996_06_22_986_m,SELF,SURPRISE,SE,2.573
2,0,fr_pi_1996_06_22_986_m,SELF,SURPRISE,SE,1.756
2,0,fr_pi_1996_06_22_986_m,SELF,SURPRISE,SE,1.109
2,1,fr_pi_1996_06_22_986_m,SELF,SURPRISE,SE,1.247
2,1,fr_pi_1996_06_22_986_m,SELF,SURPRISE,SE,1.524
2,1,fr_pi_1996_06_22_986_m,SELF,SURPRISE,SE,1.311
2,1,fr_pi_1996_06_22_986_m,SELF,SURPRISE,SE,2.621
2,0,fr_pi_1996_06_22_986_m,SELF,SURPRISE,SE,1.845
2,1,fr_pi_1996_06_22_986_m,SELF,SURPRISE,SE,1.26
2,1,fr_pi_1996_06_22_986_m,SELF,SURPRISE,SE,1.033
2,0,fr_pi_1996_06_22_986_m,SELF,SURPRISE,SE,2.071
2,0,fr_pi_1996_06_22_986_m,SELF,SURPRISE,SE,1.684
2,1,fr_pi_1996_06_22_986_m,SELF,SURPRISE,SE,1.812
2,0,fr_pi_1996_06_22_986_m,SELF,SURPRISE,SE,1.121
2,1,fr_pi_1996_06_22_986_m,SELF,SURPRISE,SE,1.992
2,1,fr_pi_1996_06_22_986_m,STRANGER,SURPRISE,SO,1.165
2,1,fr_pi_1996_06_22_986_m,STRANGER,SURPRISE,SO,0.898
2,1,fr_pi_1996_06_22_986_m,STRANGER,SURPRISE,SO,1.127
2,1,fr_pi_1996_06_22_986_m,STRANGER,SURPRISE,SO,1.402
2,0,fr_pi_1996_06_22_986_m,STRANGER,SURPRISE,SO,1.588
2,1,fr_pi_1996_06_22_986_m,STRANGER,SURPRISE,SO,1.174
2,0,fr_pi_1996_06_22_986_m,STRANGER,SURPRISE,SO,1.307
2,1,fr_pi_1996_06_22_986_m,STRANGER,SURPRISE,SO,1.265
2,0,fr_pi_1996_06_22_986_m,STRANGER,SURPRISE,SO,1.593
2,0,fr_pi_1996_06_22_986_m,STRANGER,SURPRISE,SO,1.863
2,1,fr_pi_1996_06_22_986_m,STRANGER,SURPRISE,SO,2.251
2,0,fr_pi_1996_06_22_986_m,STRANGER,SURPRISE,SO,1.877
2,1,fr_pi_1996_06_22_986_m,STRANGER,SURPRISE,SO,2.933
2,1,fr_pi_1996_06_22_986_m,STRANGER,SURPRISE,SO,1.729
2,1,fr_pi_1996_06_22_986_m,STRANGER,SURPRISE,SO,1.818
2,1,fr_pi_1996_06_22_986_m,STRANGER,SURPRISE,SO,1.259
2,0,fr_pi_1996_06_22_986_m,STRANGER,SURPRISE,SO,1.466
2,1,fr_pi_1996_06_22_986_m,STRANGER,SURPRISE,SO,1.748
2,1,fr_pi_1996_06_22_986_m,STRANGER,SURPRISE,SO,2.15
2,1,fr_pi_1996_06_22_986_m,STRANGER,SURPRISE,SO,1.522
2,1,fr_pi_1996_06_22_986_m,STRANGER,SURPRISE,SO,1.285
2,1,fr_pi_1996_06_22_986_m,STRANGER,SURPRISE,SO,2.646
2,0.648053608702779,fr_pi_1996_06_22_986_m,STRANGER,SURPRISE,SO,3
2,0,fr_pi_1996_06_22_986_m,STRANGER,SURPRISE,SO,1.689
2,1,fr_pi_1996_06_22_986_m,STRANGER,SURPRISE,SO,1.426
2,0,fr_pi_1996_06_22_986_m,STRANGER,SURPRISE,SO,1.337
2,1,fr_pi_1996_06_22_986_m,STRANGER,SURPRISE,SO,1.272
2,0.690219036908164,fr_pi_1996_06_22_986_m,STRANGER,SURPRISE,SO,2.637
2,1,fr_pi_1996_06_22_986_m,STRANGER,SURPRISE,SO,1.158
2,1,fr_pi_1996_06_22_986_m,STRANGER,SURPRISE,SO,1.586
2,0,fr_pi_1996_06_22_986_m,STRANGER,SURPRISE,SO,1.03
2,1,fr_pi_1996_06_22_986_m,STRANGER,SURPRISE,SO,0.772
2,1,fr_pi_1996_06_22_986_m,STRANGER,SURPRISE,SO,1.01
2,1,fr_pi_1996_06_22_986_m,STRANGER,SURPRISE,SO,1.211
2,1,fr_pi_1996_06_22_986_m,STRANGER,SURPRISE,SO,1.378
2,1,fr_pi_1996_06_22_986_m,STRANGER,SURPRISE,SO,1.129
2,0,fr_pi_1996_06_22_986_m,STRANGER,SURPRISE,SO,2.359
2,1,fr_pi_1996_06_22_986_m,STRANGER,SURPRISE,SO,1.536
2,1,fr_pi_1996_06_22_986_m,STRANGER,SURPRISE,SO,1.192
2,1,fr_pi_1996_06_22_986_m,STRANGER,SURPRISE,SO,1.552
2,0,fr_pi_1996_06_22_986_m,STRANGER,SURPRISE,SO,1.631
2,1,fr_pi_1996_06_22_986_m,STRANGER,SURPRISE,SO,1.175
2,1,fr_pi_1996_06_22_986_m,STRANGER,SURPRISE,SO,1.043
2,1,fr_pi_1996_06_22_986_m,STRANGER,SURPRISE,SO,0.929
2,0,fr_pi_1996_06_22_986_m,STRANGER,SURPRISE,SO,1.479
2,1,fr_pi_1996_06_22_986_m,STRANGER,SURPRISE,SO,1.437
2,1,fr_pi_1996_06_22_986_m,STRANGER,SURPRISE,SO,1.433
2,1,fr_pi_1996_06_22_986_m,STRANGER,SURPRISE,SO,1.14
2,1,fr_pi_1996_06_22_986_m,STRANGER,SURPRISE,SO,2.08
2,0.711359830113067,fr_pi_1996_06_22_986_m,STRANGER,SURPRISE,SO,2.455
3,1,ma_po_1969_05_24_201_m,SELF,NOSURPRISE,CE,2.537
3,1,ma_po_1969_05_24_201_m,SELF,NOSURPRISE,CE,1.735
3,1,ma_po_1969_05_24_201_m,SELF,NOSURPRISE,CE,2.47
3,0.743235772861775,ma_po_1969_05_24_201_m,SELF,NOSURPRISE,CE,3
3,1,ma_po_1969_05_24_201_m,SELF,NOSURPRISE,CE,2.546
3,1,ma_po_1969_05_24_201_m,SELF,NOSURPRISE,CE,2.659
3,0.743235772861775,ma_po_1969_05_24_201_m,SELF,NOSURPRISE,CE,3
3,1,ma_po_1969_05_24_201_m,SELF,NOSURPRISE,CE,1.597
3,1,ma_po_1969_05_24_201_m,SELF,NOSURPRISE,CE,1.702
3,1,ma_po_1969_05_24_201_m,SELF,NOSURPRISE,CE,1.839
3,1,ma_po_1969_05_24_201_m,SELF,NOSURPRISE,CE,1.608
3,1,ma_po_1969_05_24_201_m,SELF,NOSURPRISE,CE,1.542
3,1,ma_po_1969_05_24_201_m,SELF,NOSURPRISE,CE,1.647
3,1,ma_po_1969_05_24_201_m,SELF,NOSURPRISE,CE,1.456
3,1,ma_po_1969_05_24_201_m,SELF,NOSURPRISE,CE,2.251
3,1,ma_po_1969_05_24_201_m,SELF,NOSURPRISE,CE,1.631
3,1,ma_po_1969_05_24_201_m,SELF,NOSURPRISE,CE,1.554
3,1,ma_po_1969_05_24_201_m,SELF,NOSURPRISE,CE,2.138
3,1,ma_po_1969_05_24_201_m,SELF,NOSURPRISE,CE,1.787
3,1,ma_po_1969_05_24_201_m,SELF,NOSURPRISE,CE,1.552
3,1,ma_po_1969_05_24_201_m,SELF,NOSURPRISE,CE,2.374
3,1,ma_po_1969_05_24_201_m,SELF,NOSURPRISE,CE,1.994
3,1,ma_po_1969_05_24_201_m,SELF,NOSURPRISE,CE,1.664
3,1,ma_po_1969_05_24_201_m,SELF,NOSURPRISE,CE,1.512
3,1,ma_po_1969_05_24_201_m,SELF,NOSURPRISE,CE,1.497
3,1,ma_po_1969_05_24_201_m,SELF,NOSURPRISE,CE,1.362
3,0,ma_po_1969_05_24_201_m,SELF,NOSURPRISE,CE,2.145
3,0.743235772861775,ma_po_1969_05_24_201_m,SELF,NOSURPRISE,CE,3
3,1,ma_po_1969_05_24_201_m,SELF,NOSURPRISE,CE,2.157
3,1,ma_po_1969_05_24_201_m,SELF,NOSURPRISE,CE,1.957
3,0,ma_po_1969_05_24_201_m,SELF,NOSURPRISE,CE,2.421
3,1,ma_po_1969_05_24_201_m,SELF,NOSURPRISE,CE,2.096
3,1,ma_po_1969_05_24_201_m,SELF,NOSURPRISE,CE,2.646
3,1,ma_po_1969_05_24_201_m,SELF,NOSURPRISE,CE,1.585
3,0,ma_po_1969_05_24_201_m,SELF,NOSURPRISE,CE,1.697
3,1,ma_po_1969_05_24_201_m,SELF,NOSURPRISE,CE,1.757
3,1,ma_po_1969_05_24_201_m,SELF,NOSURPRISE,CE,1.418
3,1,ma_po_1969_05_24_201_m,SELF,NOSURPRISE,CE,2.22
3,1,ma_po_1969_05_24_201_m,SELF,NOSURPRISE,CE,1.444
3,1,ma_po_1969_05_24_201_m,SELF,NOSURPRISE,CE,1.746
3,1,ma_po_1969_05_24_201_m,SELF,NOSURPRISE,CE,2.018
3,1,ma_po_1969_05_24_201_m,SELF,NOSURPRISE,CE,1.67
3,1,ma_po_1969_05_24_201_m,SELF,NOSURPRISE,CE,1.814
3,1,ma_po_1969_05_24_201_m,SELF,NOSURPRISE,CE,0.969
3,1,ma_po_1969_05_24_201_m,SELF,NOSURPRISE,CE,1.637
3,1,ma_po_1969_05_24_201_m,SELF,NOSURPRISE,CE,1.085
3,0,ma_po_1969_05_24_201_m,SELF,NOSURPRISE,CE,1.447
3,0.743235772861775,ma_po_1969_05_24_201_m,SELF,NOSURPRISE,CE,3
3,1,ma_po_1969_05_24_201_m,SELF,NOSURPRISE,CE,1.551
3,0.743235772861775,ma_po_1969_05_24_201_m,SELF,NOSURPRISE,CE,3
3,0.705465710813919,ma_po_1969_05_24_201_m,STRANGER,NOSURPRISE,CO,3
3,1,ma_po_1969_05_24_201_m,STRANGER,NOSURPRISE,CO,1.408
3,1,ma_po_1969_05_24_201_m,STRANGER,NOSURPRISE,CO,2.056
3,1,ma_po_1969_05_24_201_m,STRANGER,NOSURPRISE,CO,1.905
3,0,ma_po_1969_05_24_201_m,STRANGER,NOSURPRISE,CO,2.037
3,1,ma_po_1969_05_24_201_m,STRANGER,NOSURPRISE,CO,2.299
3,0,ma_po_1969_05_24_201_m,STRANGER,NOSURPRISE,CO,2.387
3,1,ma_po_1969_05_24_201_m,STRANGER,NOSURPRISE,CO,1.921
3,1,ma_po_1969_05_24_201_m,STRANGER,NOSURPRISE,CO,1.607
3,0.705465710813919,ma_po_1969_05_24_201_m,STRANGER,NOSURPRISE,CO,3
3,0,ma_po_1969_05_24_201_m,STRANGER,NOSURPRISE,CO,2.302
3,1,ma_po_1969_05_24_201_m,STRANGER,NOSURPRISE,CO,2.461
3,1,ma_po_1969_05_24_201_m,STRANGER,NOSURPRISE,CO,2.019
3,1,ma_po_1969_05_24_201_m,STRANGER,NOSURPRISE,CO,1.759
3,0,ma_po_1969_05_24_201_m,STRANGER,NOSURPRISE,CO,2.457
3,1,ma_po_1969_05_24_201_m,STRANGER,NOSURPRISE,CO,1.833
3,1,ma_po_1969_05_24_201_m,STRANGER,NOSURPRISE,CO,2.407
3,1,ma_po_1969_05_24_201_m,STRANGER,NOSURPRISE,CO,1.747
3,1,ma_po_1969_05_24_201_m,STRANGER,NOSURPRISE,CO,2.488
3,1,ma_po_1969_05_24_201_m,STRANGER,NOSURPRISE,CO,1.767
3,0.705465710813919,ma_po_1969_05_24_201_m,STRANGER,NOSURPRISE,CO,3
3,1,ma_po_1969_05_24_201_m,STRANGER,NOSURPRISE,CO,1.57
3,1,ma_po_1969_05_24_201_m,STRANGER,NOSURPRISE,CO,1.376
3,1,ma_po_1969_05_24_201_m,STRANGER,NOSURPRISE,CO,1.796
3,1,ma_po_1969_05_24_201_m,STRANGER,NOSURPRISE,CO,2.267
3,0,ma_po_1969_05_24_201_m,STRANGER,NOSURPRISE,CO,1.921
3,1,ma_po_1969_05_24_201_m,STRANGER,NOSURPRISE,CO,1.806
3,1,ma_po_1969_05_24_201_m,STRANGER,NOSURPRISE,CO,2.036
3,1,ma_po_1969_05_24_201_m,STRANGER,NOSURPRISE,CO,2.131
3,1,ma_po_1969_05_24_201_m,STRANGER,NOSURPRISE,CO,2.224
3,0,ma_po_1969_05_24_201_m,STRANGER,NOSURPRISE,CO,1.523
3,1,ma_po_1969_05_24_201_m,STRANGER,NOSURPRISE,CO,1.391
3,0.705465710813919,ma_po_1969_05_24_201_m,STRANGER,NOSURPRISE,CO,3
3,1,ma_po_1969_05_24_201_m,STRANGER,NOSURPRISE,CO,2.804
3,1,ma_po_1969_05_24_201_m,STRANGER,NOSURPRISE,CO,2.031
3,0,ma_po_1969_05_24_201_m,STRANGER,NOSURPRISE,CO,2.576
3,1,ma_po_1969_05_24_201_m,STRANGER,NOSURPRISE,CO,1.596
3,0,ma_po_1969_05_24_201_m,STRANGER,NOSURPRISE,CO,2.005
3,0,ma_po_1969_05_24_201_m,STRANGER,NOSURPRISE,CO,2.233
3,0,ma_po_1969_05_24_201_m,STRANGER,NOSURPRISE,CO,2.6
3,1,ma_po_1969_05_24_201_m,STRANGER,NOSURPRISE,CO,2.985
3,1,ma_po_1969_05_24_201_m,STRANGER,NOSURPRISE,CO,1.919
3,1,ma_po_1969_05_24_201_m,STRANGER,NOSURPRISE,CO,1.66
3,1,ma_po_1969_05_24_201_m,STRANGER,NOSURPRISE,CO,1.889
3,1,ma_po_1969_05_24_201_m,STRANGER,NOSURPRISE,CO,2.679
3,1,ma_po_1969_05_24_201_m,STRANGER,NOSURPRISE,CO,1.839
3,1,ma_po_1969_05_24_201_m,STRANGER,NOSURPRISE,CO,2.139
3,1,ma_po_1969_05_24_201_m,STRANGER,NOSURPRISE,CO,1.55
3,1,ma_po_1969_05_24_201_m,STRANGER,NOSURPRISE,CO,2.089
3,0,ma_po_1969_05_24_201_m,STRANGER,NOSURPRISE,CO,1.645
3,1,ma_po_1969_05_24_201_m,SELF,SURPRISE,SE,2.351
3,1,ma_po_1969_05_24_201_m,SELF,SURPRISE,SE,1.542
3,0,ma_po_1969_05_24_201_m,SELF,SURPRISE,SE,1.442
3,1,ma_po_1969_05_24_201_m,SELF,SURPRISE,SE,1.691
3,1,ma_po_1969_05_24_201_m,SELF,SURPRISE,SE,1.202
3,1,ma_po_1969_05_24_201_m,SELF,SURPRISE,SE,1.78
3,1,ma_po_1969_05_24_201_m,SELF,SURPRISE,SE,2.44
3,0,ma_po_1969_05_24_201_m,SELF,SURPRISE,SE,1.823
3,1,ma_po_1969_05_24_201_m,SELF,SURPRISE,SE,1.642
3,1,ma_po_1969_05_24_201_m,SELF,SURPRISE,SE,1.757
3,1,ma_po_1969_05_24_201_m,SELF,SURPRISE,SE,1.761
3,1,ma_po_1969_05_24_201_m,SELF,SURPRISE,SE,1.649
3,1,ma_po_1969_05_24_201_m,SELF,SURPRISE,SE,1.529
3,1,ma_po_1969_05_24_201_m,SELF,SURPRISE,SE,1.658
3,1,ma_po_1969_05_24_201_m,SELF,SURPRISE,SE,1.745
3,1,ma_po_1969_05_24_201_m,SELF,SURPRISE,SE,1.826
3,1,ma_po_1969_05_24_201_m,SELF,SURPRISE,SE,1.892
3,1,ma_po_1969_05_24_201_m,SELF,SURPRISE,SE,1.314
3,1,ma_po_1969_05_24_201_m,SELF,SURPRISE,SE,2.059
3,1,ma_po_1969_05_24_201_m,SELF,SURPRISE,SE,1.385
3,1,ma_po_1969_05_24_201_m,SELF,SURPRISE,SE,2.291
3,1,ma_po_1969_05_24_201_m,SELF,SURPRISE,SE,2.106
3,1,ma_po_1969_05_24_201_m,SELF,SURPRISE,SE,1.744
3,0.7198504446806,ma_po_1969_05_24_201_m,SELF,SURPRISE,SE,3
3,1,ma_po_1969_05_24_201_m,SELF,SURPRISE,SE,1.288
3,1,ma_po_1969_05_24_201_m,SELF,SURPRISE,SE,1.901
3,1,ma_po_1969_05_24_201_m,SELF,SURPRISE,SE,2.238
3,1,ma_po_1969_05_24_201_m,SELF,SURPRISE,SE,2.814
3,1,ma_po_1969_05_24_201_m,SELF,SURPRISE,SE,2.531
3,1,ma_po_1969_05_24_201_m,SELF,SURPRISE,SE,1.252
3,1,ma_po_1969_05_24_201_m,SELF,SURPRISE,SE,2.739
3,1,ma_po_1969_05_24_201_m,SELF,SURPRISE,SE,1.952
3,1,ma_po_1969_05_24_201_m,SELF,SURPRISE,SE,2.285
3,1,ma_po_1969_05_24_201_m,SELF,SURPRISE,SE,1.666
3,1,ma_po_1969_05_24_201_m,SELF,SURPRISE,SE,1.298
3,1,ma_po_1969_05_24_201_m,SELF,SURPRISE,SE,1.622
3,1,ma_po_1969_05_24_201_m,SELF,SURPRISE,SE,1.487
3,1,ma_po_1969_05_24_201_m,SELF,SURPRISE,SE,1.667
3,1,ma_po_1969_05_24_201_m,SELF,SURPRISE,SE,1.348
3,1,ma_po_1969_05_24_201_m,SELF,SURPRISE,SE,1.876
3,1,ma_po_1969_05_24_201_m,SELF,SURPRISE,SE,1.151
3,1,ma_po_1969_05_24_201_m,SELF,SURPRISE,SE,0.874
3,1,ma_po_1969_05_24_201_m,SELF,SURPRISE,SE,1.502
3,1,ma_po_1969_05_24_201_m,SELF,SURPRISE,SE,2.279
3,1,ma_po_1969_05_24_201_m,SELF,SURPRISE,SE,1.66
3,0,ma_po_1969_05_24_201_m,SELF,SURPRISE,SE,2.46
3,1,ma_po_1969_05_24_201_m,SELF,SURPRISE,SE,1.55
3,0.7198504446806,ma_po_1969_05_24_201_m,SELF,SURPRISE,SE,3
3,1,ma_po_1969_05_24_201_m,SELF,SURPRISE,SE,1.345
3,1,ma_po_1969_05_24_201_m,SELF,SURPRISE,SE,2.742
3,1,ma_po_1969_05_24_201_m,STRANGER,SURPRISE,SO,2.235
3,1,ma_po_1969_05_24_201_m,STRANGER,SURPRISE,SO,2.594
3,0.706750759268883,ma_po_1969_05_24_201_m,STRANGER,SURPRISE,SO,3
3,1,ma_po_1969_05_24_201_m,STRANGER,SURPRISE,SO,2.23
3,1,ma_po_1969_05_24_201_m,STRANGER,SURPRISE,SO,2.571
3,1,ma_po_1969_05_24_201_m,STRANGER,SURPRISE,SO,2.892
3,0,ma_po_1969_05_24_201_m,STRANGER,SURPRISE,SO,2.566
3,1,ma_po_1969_05_24_201_m,STRANGER,SURPRISE,SO,1.069
3,1,ma_po_1969_05_24_201_m,STRANGER,SURPRISE,SO,1.384
3,1,ma_po_1969_05_24_201_m,STRANGER,SURPRISE,SO,0.825
3,1,ma_po_1969_05_24_201_m,STRANGER,SURPRISE,SO,1.014
3,1,ma_po_1969_05_24_201_m,STRANGER,SURPRISE,SO,1.574
3,1,ma_po_1969_05_24_201_m,STRANGER,SURPRISE,SO,2.229
3,1,ma_po_1969_05_24_201_m,STRANGER,SURPRISE,SO,1.351
3,0.706750759268883,ma_po_1969_05_24_201_m,STRANGER,SURPRISE,SO,3
3,1,ma_po_1969_05_24_201_m,STRANGER,SURPRISE,SO,1.914
3,1,ma_po_1969_05_24_201_m,STRANGER,SURPRISE,SO,2.913
3,1,ma_po_1969_05_24_201_m,STRANGER,SURPRISE,SO,1.796
3,1,ma_po_1969_05_24_201_m,STRANGER,SURPRISE,SO,1.752
3,0,ma_po_1969_05_24_201_m,STRANGER,SURPRISE,SO,2.148
3,1,ma_po_1969_05_24_201_m,STRANGER,SURPRISE,SO,1.665
3,1,ma_po_1969_05_24_201_m,STRANGER,SURPRISE,SO,1.85
3,1,ma_po_1969_05_24_201_m,STRANGER,SURPRISE,SO,1.582
3,0.706750759268883,ma_po_1969_05_24_201_m,STRANGER,SURPRISE,SO,3
3,1,ma_po_1969_05_24_201_m,STRANGER,SURPRISE,SO,2.46
3,1,ma_po_1969_05_24_201_m,STRANGER,SURPRISE,SO,1.893
3,1,ma_po_1969_05_24_201_m,STRANGER,SURPRISE,SO,1.793
3,1,ma_po_1969_05_24_201_m,STRANGER,SURPRISE,SO,2.591
3,1,ma_po_1969_05_24_201_m,STRANGER,SURPRISE,SO,3.001
3,1,ma_po_1969_05_24_201_m,STRANGER,SURPRISE,SO,2.618
3,1,ma_po_1969_05_24_201_m,STRANGER,SURPRISE,SO,1.947
3,1,ma_po_1969_05_24_201_m,STRANGER,SURPRISE,SO,1.397
3,1,ma_po_1969_05_24_201_m,STRANGER,SURPRISE,SO,2.235
3,1,ma_po_1969_05_24_201_m,STRANGER,SURPRISE,SO,1.67
3,1,ma_po_1969_05_24_201_m,STRANGER,SURPRISE,SO,1.723
3,1,ma_po_1969_05_24_201_m,STRANGER,SURPRISE,SO,1.514
3,1,ma_po_1969_05_24_201_m,STRANGER,SURPRISE,SO,2.566
3,1,ma_po_1969_05_24_201_m,STRANGER,SURPRISE,SO,2.213
3,1,ma_po_1969_05_24_201_m,STRANGER,SURPRISE,SO,2.68
3,1,ma_po_1969_05_24_201_m,STRANGER,SURPRISE,SO,2.428
3,1,ma_po_1969_05_24_201_m,STRANGER,SURPRISE,SO,1.789
3,1,ma_po_1969_05_24_201_m,STRANGER,SURPRISE,SO,1.326
3,1,ma_po_1969_05_24_201_m,STRANGER,SURPRISE,SO,2.953
3,1,ma_po_1969_05_24_201_m,STRANGER,SURPRISE,SO,1.898
3,1,ma_po_1969_05_24_201_m,STRANGER,SURPRISE,SO,2.126
3,1,ma_po_1969_05_24_201_m,STRANGER,SURPRISE,SO,2.262
3,0,ma_po_1969_05_24_201_m,STRANGER,SURPRISE,SO,1.655
3,1,ma_po_1969_05_24_201_m,STRANGER,SURPRISE,SO,2.403
3,1,ma_po_1969_05_24_201_m,STRANGER,SURPRISE,SO,1.573
3,1,ma_po_1969_05_24_201_m,STRANGER,SURPRISE,SO,1.745
4,1,st_ce_1960_04_23_403_f,SELF,NOSURPRISE,CE,1.82
4,0.80193292342788,st_ce_1960_04_23_403_f,SELF,NOSURPRISE,CE,3
4,1,st_ce_1960_04_23_403_f,SELF,NOSURPRISE,CE,1.833
4,1,st_ce_1960_04_23_403_f,SELF,NOSURPRISE,CE,1.519
4,1,st_ce_1960_04_23_403_f,SELF,NOSURPRISE,CE,1.136
4,1,st_ce_1960_04_23_403_f,SELF,NOSURPRISE,CE,1.874
4,1,st_ce_1960_04_23_403_f,SELF,NOSURPRISE,CE,2.78
4,1,st_ce_1960_04_23_403_f,SELF,NOSURPRISE,CE,1.335
4,1,st_ce_1960_04_23_403_f,SELF,NOSURPRISE,CE,1.036
4,1,st_ce_1960_04_23_403_f,SELF,NOSURPRISE,CE,1.815
4,1,st_ce_1960_04_23_403_f,SELF,NOSURPRISE,CE,1.988
4,1,st_ce_1960_04_23_403_f,SELF,NOSURPRISE,CE,2.306
4,1,st_ce_1960_04_23_403_f,SELF,NOSURPRISE,CE,1.465
4,1,st_ce_1960_04_23_403_f,SELF,NOSURPRISE,CE,1.175
4,1,st_ce_1960_04_23_403_f,SELF,NOSURPRISE,CE,1.54
4,1,st_ce_1960_04_23_403_f,SELF,NOSURPRISE,CE,2.315
4,1,st_ce_1960_04_23_403_f,SELF,NOSURPRISE,CE,2.028
4,1,st_ce_1960_04_23_403_f,SELF,NOSURPRISE,CE,1.166
4,1,st_ce_1960_04_23_403_f,SELF,NOSURPRISE,CE,2.151
4,1,st_ce_1960_04_23_403_f,SELF,NOSURPRISE,CE,1.448
4,1,st_ce_1960_04_23_403_f,SELF,NOSURPRISE,CE,1.324
4,1,st_ce_1960_04_23_403_f,SELF,NOSURPRISE,CE,1.4
4,1,st_ce_1960_04_23_403_f,SELF,NOSURPRISE,CE,1.772
4,1,st_ce_1960_04_23_403_f,SELF,NOSURPRISE,CE,1.448
4,1,st_ce_1960_04_23_403_f,SELF,NOSURPRISE,CE,1.448
4,1,st_ce_1960_04_23_403_f,SELF,NOSURPRISE,CE,1.827
4,1,st_ce_1960_04_23_403_f,SELF,NOSURPRISE,CE,1.584
4,1,st_ce_1960_04_23_403_f,SELF,NOSURPRISE,CE,1.455
4,1,st_ce_1960_04_23_403_f,SELF,NOSURPRISE,CE,1.824
4,1,st_ce_1960_04_23_403_f,SELF,NOSURPRISE,CE,1.685
4,1,st_ce_1960_04_23_403_f,SELF,NOSURPRISE,CE,1.289
4,1,st_ce_1960_04_23_403_f,SELF,NOSURPRISE,CE,1.573
4,1,st_ce_1960_04_23_403_f,SELF,NOSURPRISE,CE,2.159
4,1,st_ce_1960_04_23_403_f,SELF,NOSURPRISE,CE,1.476
4,1,st_ce_1960_04_23_403_f,SELF,NOSURPRISE,CE,2.706
4,1,st_ce_1960_04_23_403_f,SELF,NOSURPRISE,CE,2.428
4,1,st_ce_1960_04_23_403_f,SELF,NOSURPRISE,CE,1.73
4,0,st_ce_1960_04_23_403_f,SELF,NOSURPRISE,CE,1.055
4,1,st_ce_1960_04_23_403_f,SELF,NOSURPRISE,CE,2.171
4,1,st_ce_1960_04_23_403_f,SELF,NOSURPRISE,CE,1.451
4,1,st_ce_1960_04_23_403_f,SELF,NOSURPRISE,CE,1.679
4,1,st_ce_1960_04_23_403_f,SELF,NOSURPRISE,CE,2.358
4,1,st_ce_1960_04_23_403_f,SELF,NOSURPRISE,CE,2.715
4,1,st_ce_1960_04_23_403_f,SELF,NOSURPRISE,CE,0.881
4,1,st_ce_1960_04_23_403_f,SELF,NOSURPRISE,CE,1.632
4,1,st_ce_1960_04_23_403_f,SELF,NOSURPRISE,CE,1.861
4,1,st_ce_1960_04_23_403_f,SELF,NOSURPRISE,CE,1.759
4,1,st_ce_1960_04_23_403_f,SELF,NOSURPRISE,CE,1.348
4,1,st_ce_1960_04_23_403_f,SELF,NOSURPRISE,CE,1.788
4,1,st_ce_1960_04_23_403_f,SELF,NOSURPRISE,CE,1.351
4,1,st_ce_1960_04_23_403_f,SELF,SURPRISE,SE,1.986
4,1,st_ce_1960_04_23_403_f,SELF,SURPRISE,SE,1.289
4,1,st_ce_1960_04_23_403_f,SELF,SURPRISE,SE,1.459
4,1,st_ce_1960_04_23_403_f,SELF,SURPRISE,SE,1.931
4,1,st_ce_1960_04_23_403_f,SELF,SURPRISE,SE,1.693
4,1,st_ce_1960_04_23_403_f,SELF,SURPRISE,SE,1.149
4,1,st_ce_1960_04_23_403_f,SELF,SURPRISE,SE,1.215
4,1,st_ce_1960_04_23_403_f,SELF,SURPRISE,SE,1.759
4,1,st_ce_1960_04_23_403_f,SELF,SURPRISE,SE,1.497
4,1,st_ce_1960_04_23_403_f,SELF,SURPRISE,SE,1.214
4,1,st_ce_1960_04_23_403_f,SELF,SURPRISE,SE,1.123
4,1,st_ce_1960_04_23_403_f,SELF,SURPRISE,SE,1.382
4,1,st_ce_1960_04_23_403_f,SELF,SURPRISE,SE,2.023
4,1,st_ce_1960_04_23_403_f,SELF,SURPRISE,SE,1.543
4,1,st_ce_1960_04_23_403_f,SELF,SURPRISE,SE,2.196
4,1,st_ce_1960_04_23_403_f,SELF,SURPRISE,SE,2.944
4,1,st_ce_1960_04_23_403_f,SELF,SURPRISE,SE,1.569
4,1,st_ce_1960_04_23_403_f,SELF,SURPRISE,SE,1.964
4,1,st_ce_1960_04_23_403_f,SELF,SURPRISE,SE,1.94
4,1,st_ce_1960_04_23_403_f,SELF,SURPRISE,SE,2.36
4,1,st_ce_1960_04_23_403_f,SELF,SURPRISE,SE,1.64
4,1,st_ce_1960_04_23_403_f,SELF,SURPRISE,SE,1.618
4,1,st_ce_1960_04_23_403_f,SELF,SURPRISE,SE,1.879
4,1,st_ce_1960_04_23_403_f,SELF,SURPRISE,SE,1.262
4,1,st_ce_1960_04_23_403_f,SELF,SURPRISE,SE,2.756
4,1,st_ce_1960_04_23_403_f,SELF,SURPRISE,SE,1.899
4,1,st_ce_1960_04_23_403_f,SELF,SURPRISE,SE,1.19
4,1,st_ce_1960_04_23_403_f,SELF,SURPRISE,SE,1.443
4,1,st_ce_1960_04_23_403_f,SELF,SURPRISE,SE,1.767
4,1,st_ce_1960_04_23_403_f,SELF,SURPRISE,SE,2.007
4,1,st_ce_1960_04_23_403_f,SELF,SURPRISE,SE,1.607
4,1,st_ce_1960_04_23_403_f,SELF,SURPRISE,SE,1.209
4,1,st_ce_1960_04_23_403_f,SELF,SURPRISE,SE,1.863
4,1,st_ce_1960_04_23_403_f,SELF,SURPRISE,SE,1.3
4,0.778547595246704,st_ce_1960_04_23_403_f,SELF,SURPRISE,SE,3
4,1,st_ce_1960_04_23_403_f,SELF,SURPRISE,SE,1.687
4,0.778547595246704,st_ce_1960_04_23_403_f,SELF,SURPRISE,SE,3
4,1,st_ce_1960_04_23_403_f,SELF,SURPRISE,SE,1.279
4,1,st_ce_1960_04_23_403_f,SELF,SURPRISE,SE,1.748
4,1,st_ce_1960_04_23_403_f,SELF,SURPRISE,SE,1.834
4,1,st_ce_1960_04_23_403_f,SELF,SURPRISE,SE,1.885
4,1,st_ce_1960_04_23_403_f,SELF,SURPRISE,SE,1.401
4,1,st_ce_1960_04_23_403_f,SELF,SURPRISE,SE,1.123
4,1,st_ce_1960_04_23_403_f,SELF,SURPRISE,SE,1.565
4,0.778547595246704,st_ce_1960_04_23_403_f,SELF,SURPRISE,SE,3
4,1,st_ce_1960_04_23_403_f,SELF,SURPRISE,SE,1.497
4,1,st_ce_1960_04_23_403_f,SELF,SURPRISE,SE,1.397
4,1,st_ce_1960_04_23_403_f,SELF,SURPRISE,SE,2.103
4,1,st_ce_1960_04_23_403_f,SELF,SURPRISE,SE,1.218
4,1,st_ce_1960_04_23_403_f,SELF,SURPRISE,SE,1.794
5,1,ST_CE_1960_04_23_403_f,STRANGER,NOSURPRISE,CO,1.786
5,1,ST_CE_1960_04_23_403_f,STRANGER,NOSURPRISE,CO,1.365
5,1,ST_CE_1960_04_23_403_f,STRANGER,NOSURPRISE,CO,1.435
5,1,ST_CE_1960_04_23_403_f,STRANGER,NOSURPRISE,CO,1.174
5,1,ST_CE_1960_04_23_403_f,STRANGER,NOSURPRISE,CO,1.722
5,1,ST_CE_1960_04_23_403_f,STRANGER,NOSURPRISE,CO,2.178
5,1,ST_CE_1960_04_23_403_f,STRANGER,NOSURPRISE,CO,1.33
5,1,ST_CE_1960_04_23_403_f,STRANGER,NOSURPRISE,CO,1.929
5,1,ST_CE_1960_04_23_403_f,STRANGER,NOSURPRISE,CO,1.959
5,1,ST_CE_1960_04_23_403_f,STRANGER,NOSURPRISE,CO,1.611
5,1,ST_CE_1960_04_23_403_f,STRANGER,NOSURPRISE,CO,2.362
5,1,ST_CE_1960_04_23_403_f,STRANGER,NOSURPRISE,CO,1.802
5,1,ST_CE_1960_04_23_403_f,STRANGER,NOSURPRISE,CO,2.089
5,1,ST_CE_1960_04_23_403_f,STRANGER,NOSURPRISE,CO,2.477
5,1,ST_CE_1960_04_23_403_f,STRANGER,NOSURPRISE,CO,1.019
5,1,ST_CE_1960_04_23_403_f,STRANGER,NOSURPRISE,CO,1.325
5,1,ST_CE_1960_04_23_403_f,STRANGER,NOSURPRISE,CO,1.509
5,1,ST_CE_1960_04_23_403_f,STRANGER,NOSURPRISE,CO,1.67
5,0.822860011946127,ST_CE_1960_04_23_403_f,STRANGER,NOSURPRISE,CO,3
5,1,ST_CE_1960_04_23_403_f,STRANGER,NOSURPRISE,CO,2.879
5,1,ST_CE_1960_04_23_403_f,STRANGER,NOSURPRISE,CO,1.923
5,1,ST_CE_1960_04_23_403_f,STRANGER,NOSURPRISE,CO,1.308
5,1,ST_CE_1960_04_23_403_f,STRANGER,NOSURPRISE,CO,2.909
5,1,ST_CE_1960_04_23_403_f,STRANGER,NOSURPRISE,CO,2.222
5,0,ST_CE_1960_04_23_403_f,STRANGER,NOSURPRISE,CO,2.197
5,1,ST_CE_1960_04_23_403_f,STRANGER,NOSURPRISE,CO,1.191
5,1,ST_CE_1960_04_23_403_f,STRANGER,NOSURPRISE,CO,1.635
5,1,ST_CE_1960_04_23_403_f,STRANGER,NOSURPRISE,CO,1.665
5,0.822860011946127,ST_CE_1960_04_23_403_f,STRANGER,NOSURPRISE,CO,3
5,1,ST_CE_1960_04_23_403_f,STRANGER,NOSURPRISE,CO,1.162
5,1,ST_CE_1960_04_23_403_f,STRANGER,NOSURPRISE,CO,1.664
5,0.822860011946127,ST_CE_1960_04_23_403_f,STRANGER,NOSURPRISE,CO,3
5,1,ST_CE_1960_04_23_403_f,STRANGER,NOSURPRISE,CO,1.642
5,1,ST_CE_1960_04_23_403_f,STRANGER,NOSURPRISE,CO,1.32
5,1,ST_CE_1960_04_23_403_f,STRANGER,NOSURPRISE,CO,1.553
5,1,ST_CE_1960_04_23_403_f,STRANGER,NOSURPRISE,CO,1.117
5,1,ST_CE_1960_04_23_403_f,STRANGER,NOSURPRISE,CO,1.871
5,1,ST_CE_1960_04_23_403_f,STRANGER,NOSURPRISE,CO,1.92
5,1,ST_CE_1960_04_23_403_f,STRANGER,NOSURPRISE,CO,1.199
5,1,ST_CE_1960_04_23_403_f,STRANGER,NOSURPRISE,CO,1.564
5,1,ST_CE_1960_04_23_403_f,STRANGER,NOSURPRISE,CO,2.344
5,1,ST_CE_1960_04_23_403_f,STRANGER,NOSURPRISE,CO,2.135
5,0,ST_CE_1960_04_23_403_f,STRANGER,NOSURPRISE,CO,2.542
5,0.822860011946127,ST_CE_1960_04_23_403_f,STRANGER,NOSURPRISE,CO,3
5,0,ST_CE_1960_04_23_403_f,STRANGER,NOSURPRISE,CO,2.805
5,1,ST_CE_1960_04_23_403_f,STRANGER,NOSURPRISE,CO,1.612
5,1,ST_CE_1960_04_23_403_f,STRANGER,NOSURPRISE,CO,1.282
5,1,ST_CE_1960_04_23_403_f,STRANGER,NOSURPRISE,CO,1.945
5,0.822860011946127,ST_CE_1960_04_23_403_f,STRANGER,NOSURPRISE,CO,3
5,1,ST_CE_1960_04_23_403_f,STRANGER,NOSURPRISE,CO,1.672
5,1,ST_CE_1960_04_23_403_f,STRANGER,SURPRISE,SO,1.786
5,1,ST_CE_1960_04_23_403_f,STRANGER,SURPRISE,SO,1.365
5,1,ST_CE_1960_04_23_403_f,STRANGER,SURPRISE,SO,1.435
5,1,ST_CE_1960_04_23_403_f,STRANGER,SURPRISE,SO,1.174
5,1,ST_CE_1960_04_23_403_f,STRANGER,SURPRISE,SO,1.722
5,1,ST_CE_1960_04_23_403_f,STRANGER,SURPRISE,SO,2.178
5,1,ST_CE_1960_04_23_403_f,STRANGER,SURPRISE,SO,1.33
5,1,ST_CE_1960_04_23_403_f,STRANGER,SURPRISE,SO,1.929
5,1,ST_CE_1960_04_23_403_f,STRANGER,SURPRISE,SO,1.959
5,1,ST_CE_1960_04_23_403_f,STRANGER,SURPRISE,SO,1.611
5,1,ST_CE_1960_04_23_403_f,STRANGER,SURPRISE,SO,2.362
5,1,ST_CE_1960_04_23_403_f,STRANGER,SURPRISE,SO,1.802
5,1,ST_CE_1960_04_23_403_f,STRANGER,SURPRISE,SO,2.089
5,1,ST_CE_1960_04_23_403_f,STRANGER,SURPRISE,SO,2.477
5,1,ST_CE_1960_04_23_403_f,STRANGER,SURPRISE,SO,1.019
5,1,ST_CE_1960_04_23_403_f,STRANGER,SURPRISE,SO,1.325
5,1,ST_CE_1960_04_23_403_f,STRANGER,SURPRISE,SO,1.509
5,1,ST_CE_1960_04_23_403_f,STRANGER,SURPRISE,SO,1.67
5,0.824145060401092,ST_CE_1960_04_23_403_f,STRANGER,SURPRISE,SO,3
5,1,ST_CE_1960_04_23_403_f,STRANGER,SURPRISE,SO,2.879
5,1,ST_CE_1960_04_23_403_f,STRANGER,SURPRISE,SO,1.923
5,1,ST_CE_1960_04_23_403_f,STRANGER,SURPRISE,SO,1.308
5,1,ST_CE_1960_04_23_403_f,STRANGER,SURPRISE,SO,2.909
5,1,ST_CE_1960_04_23_403_f,STRANGER,SURPRISE,SO,2.222
5,0,ST_CE_1960_04_23_403_f,STRANGER,SURPRISE,SO,2.197
5,1,ST_CE_1960_04_23_403_f,STRANGER,SURPRISE,SO,1.191
5,1,ST_CE_1960_04_23_403_f,STRANGER,SURPRISE,SO,1.635
5,1,ST_CE_1960_04_23_403_f,STRANGER,SURPRISE,SO,1.665
5,0.824145060401092,ST_CE_1960_04_23_403_f,STRANGER,SURPRISE,SO,3
5,1,ST_CE_1960_04_23_403_f,STRANGER,SURPRISE,SO,1.162
5,1,ST_CE_1960_04_23_403_f,STRANGER,SURPRISE,SO,1.664
5,0.824145060401092,ST_CE_1960_04_23_403_f,STRANGER,SURPRISE,SO,3
5,1,ST_CE_1960_04_23_403_f,STRANGER,SURPRISE,SO,1.642
5,1,ST_CE_1960_04_23_403_f,STRANGER,SURPRISE,SO,1.32
5,1,ST_CE_1960_04_23_403_f,STRANGER,SURPRISE,SO,1.553
5,1,ST_CE_1960_04_23_403_f,STRANGER,SURPRISE,SO,1.117
5,1,ST_CE_1960_04_23_403_f,STRANGER,SURPRISE,SO,1.871
5,1,ST_CE_1960_04_23_403_f,STRANGER,SURPRISE,SO,1.92
5,1,ST_CE_1960_04_23_403_f,STRANGER,SURPRISE,SO,1.199
5,1,ST_CE_1960_04_23_403_f,STRANGER,SURPRISE,SO,1.564
5,1,ST_CE_1960_04_23_403_f,STRANGER,SURPRISE,SO,2.344
5,1,ST_CE_1960_04_23_403_f,STRANGER,SURPRISE,SO,2.135
5,0,ST_CE_1960_04_23_403_f,STRANGER,SURPRISE,SO,2.542
5,0.824145060401092,ST_CE_1960_04_23_403_f,STRANGER,SURPRISE,SO,3
5,0,ST_CE_1960_04_23_403_f,STRANGER,SURPRISE,SO,2.805
5,1,ST_CE_1960_04_23_403_f,STRANGER,SURPRISE,SO,1.612
5,1,ST_CE_1960_04_23_403_f,STRANGER,SURPRISE,SO,1.282
5,1,ST_CE_1960_04_23_403_f,STRANGER,SURPRISE,SO,1.945
5,0.824145060401092,ST_CE_1960_04_23_403_f,STRANGER,SURPRISE,SO,3
5,1,ST_CE_1960_04_23_403_f,STRANGER,SURPRISE,SO,1.672
