"memory","rt","is_old_chosen","is_old","column5","column6","column7","column8","column9","column10","participant_code","is_self","is_surprise"
"memory",2709,1,1,800,-230,230,1,33,81,"an_ta_1995_12_26_945_m","SELF","NOSURPRISE"
"memory",1958,1,1,1100,230,-230,1,37,62,"an_ta_1995_12_26_945_m","SELF","NOSURPRISE"
"memory",3000,3,-1,800,-230,230,0,50,69,"an_ta_1995_12_26_945_m","SELF","NOSURPRISE"
"memory",1873,1,1,950,230,-230,1,4,60,"an_ta_1995_12_26_945_m","SELF","NOSURPRISE"
"memory",1624,2,2,950,-230,230,0,10,68,"an_ta_1995_12_26_945_m","SELF","NOSURPRISE"
"memory",2909,2,2,500,-230,230,0,9,81,"an_ta_1995_12_26_945_m","SELF","NOSURPRISE"
"memory",1435,1,1,650,230,-230,1,6,52,"an_ta_1995_12_26_945_m","SELF","NOSURPRISE"
"memory",2239,1,1,950,230,-230,1,21,63,"an_ta_1995_12_26_945_m","SELF","NOSURPRISE"
"memory",2180,1,1,500,230,-230,1,48,52,"an_ta_1995_12_26_945_m","SELF","NOSURPRISE"
"memory",1712,1,1,950,230,-230,1,44,83,"an_ta_1995_12_26_945_m","SELF","NOSURPRISE"
"memory",1821,1,1,800,-230,230,1,48,52,"an_ta_1995_12_26_945_m","SELF","NOSURPRISE"
"memory",1869,2,2,800,-230,230,0,27,62,"an_ta_1995_12_26_945_m","SELF","NOSURPRISE"
"memory",2695,2,2,500,230,-230,0,1,87,"an_ta_1995_12_26_945_m","SELF","NOSURPRISE"
"memory",1805,1,1,950,-230,230,1,29,67,"an_ta_1995_12_26_945_m","SELF","NOSURPRISE"
"memory",973,1,1,800,-230,230,1,6,94,"an_ta_1995_12_26_945_m","SELF","NOSURPRISE"
"memory",2331,2,2,650,230,-230,0,27,83,"an_ta_1995_12_26_945_m","SELF","NOSURPRISE"
"memory",2192,2,2,650,-230,230,0,19,70,"an_ta_1995_12_26_945_m","SELF","NOSURPRISE"
"memory",2283,1,1,950,230,-230,1,42,86,"an_ta_1995_12_26_945_m","SELF","NOSURPRISE"
"memory",1351,1,1,650,230,-230,1,48,84,"an_ta_1995_12_26_945_m","SELF","NOSURPRISE"
"memory",2190,1,1,800,230,-230,1,15,51,"an_ta_1995_12_26_945_m","SELF","NOSURPRISE"
"memory",2348,1,1,650,-230,230,1,34,92,"an_ta_1995_12_26_945_m","SELF","NOSURPRISE"
"memory",1599,1,1,950,230,-230,1,29,86,"an_ta_1995_12_26_945_m","SELF","NOSURPRISE"
"memory",2459,1,1,950,-230,230,1,22,89,"an_ta_1995_12_26_945_m","SELF","NOSURPRISE"
"memory",2026,1,1,650,230,-230,1,23,86,"an_ta_1995_12_26_945_m","SELF","NOSURPRISE"
"memory",2379,1,1,500,230,-230,1,15,87,"an_ta_1995_12_26_945_m","SELF","NOSURPRISE"
"memory",2236,2,2,650,-230,230,0,18,83,"an_ta_1995_12_26_945_m","SELF","NOSURPRISE"
"memory",1933,1,1,500,230,-230,1,24,57,"an_ta_1995_12_26_945_m","SELF","NOSURPRISE"
"memory",1936,1,1,650,-230,230,1,26,96,"an_ta_1995_12_26_945_m","SELF","NOSURPRISE"
"memory",3000,3,-1,650,230,-230,0,35,75,"an_ta_1995_12_26_945_m","SELF","NOSURPRISE"
"memory",2798,1,1,650,-230,230,1,43,77,"an_ta_1995_12_26_945_m","SELF","NOSURPRISE"
"memory",1060,1,1,950,-230,230,1,37,85,"an_ta_1995_12_26_945_m","SELF","NOSURPRISE"
"memory",878,1,1,800,-230,230,1,37,67,"an_ta_1995_12_26_945_m","SELF","NOSURPRISE"
"memory",2489,1,1,950,-230,230,1,28,100,"an_ta_1995_12_26_945_m","SELF","NOSURPRISE"
"memory",2171,1,1,800,230,-230,1,41,93,"an_ta_1995_12_26_945_m","SELF","NOSURPRISE"
"memory",1505,1,1,650,-230,230,1,50,77,"an_ta_1995_12_26_945_m","SELF","NOSURPRISE"
"memory",1085,1,1,650,-230,230,1,50,89,"an_ta_1995_12_26_945_m","SELF","NOSURPRISE"
"memory",2194,2,2,950,230,-230,0,3,79,"an_ta_1995_12_26_945_m","SELF","NOSURPRISE"
"memory",1931,1,1,1100,230,-230,1,1,95,"an_ta_1995_12_26_945_m","SELF","NOSURPRISE"
"memory",1383,1,1,950,-230,230,1,35,94,"an_ta_1995_12_26_945_m","SELF","NOSURPRISE"
"memory",2001,1,1,500,230,-230,1,15,69,"an_ta_1995_12_26_945_m","SELF","NOSURPRISE"
"memory",1366,1,1,650,-230,230,1,40,73,"an_ta_1995_12_26_945_m","SELF","NOSURPRISE"
"memory",2448,1,1,500,-230,230,1,5,76,"an_ta_1995_12_26_945_m","SELF","NOSURPRISE"
"memory",1441,1,1,800,230,-230,1,44,74,"an_ta_1995_12_26_945_m","SELF","NOSURPRISE"
"memory",2370,1,1,950,230,-230,1,27,52,"an_ta_1995_12_26_945_m","SELF","NOSURPRISE"
"memory",1396,1,1,500,-230,230,1,15,86,"an_ta_1995_12_26_945_m","SELF","NOSURPRISE"
"memory",3000,3,-1,500,-230,230,0,45,53,"an_ta_1995_12_26_945_m","SELF","NOSURPRISE"
"memory",1446,1,1,800,-230,230,1,41,72,"an_ta_1995_12_26_945_m","SELF","NOSURPRISE"
"memory",2620,1,1,650,-230,230,1,2,100,"an_ta_1995_12_26_945_m","SELF","NOSURPRISE"
"memory",2414,2,2,950,-230,230,0,46,86,"an_ta_1995_12_26_945_m","SELF","NOSURPRISE"
"memory",2258,2,2,950,230,-230,0,19,79,"an_ta_1995_12_26_945_m","SELF","NOSURPRISE"
"memory",2611,2,2,950,-230,230,0,6,94,"an_ta_1995_12_26_945_m","SELF","SURPRISE"
"memory",1572,1,1,650,-230,230,1,16,86,"an_ta_1995_12_26_945_m","SELF","SURPRISE"
"memory",2447,1,1,500,-230,230,1,4,63,"an_ta_1995_12_26_945_m","SELF","SURPRISE"
"memory",2299,1,1,950,-230,230,1,15,69,"an_ta_1995_12_26_945_m","SELF","SURPRISE"
"memory",2158,2,2,650,-230,230,0,13,74,"an_ta_1995_12_26_945_m","SELF","SURPRISE"
"memory",1255,1,1,800,-230,230,1,14,56,"an_ta_1995_12_26_945_m","SELF","SURPRISE"
"memory",893,1,1,500,-230,230,1,11,71,"an_ta_1995_12_26_945_m","SELF","SURPRISE"
"memory",881,1,1,950,-230,230,1,37,95,"an_ta_1995_12_26_945_m","SELF","SURPRISE"
"memory",1629,1,1,500,230,-230,1,49,56,"an_ta_1995_12_26_945_m","SELF","SURPRISE"
"memory",2852,2,2,650,230,-230,0,17,82,"an_ta_1995_12_26_945_m","SELF","SURPRISE"
"memory",1766,1,1,500,-230,230,1,46,98,"an_ta_1995_12_26_945_m","SELF","SURPRISE"
"memory",2276,2,2,950,230,-230,0,49,94,"an_ta_1995_12_26_945_m","SELF","SURPRISE"
"memory",1638,1,1,950,230,-230,1,35,56,"an_ta_1995_12_26_945_m","SELF","SURPRISE"
"memory",3000,3,-1,800,230,-230,0,42,85,"an_ta_1995_12_26_945_m","SELF","SURPRISE"
"memory",1820,2,2,800,-230,230,0,40,82,"an_ta_1995_12_26_945_m","SELF","SURPRISE"
"memory",1630,1,1,950,-230,230,1,41,54,"an_ta_1995_12_26_945_m","SELF","SURPRISE"
"memory",1869,1,1,500,-230,230,1,17,90,"an_ta_1995_12_26_945_m","SELF","SURPRISE"
"memory",1631,1,1,650,230,-230,1,48,100,"an_ta_1995_12_26_945_m","SELF","SURPRISE"
"memory",2362,1,1,650,230,-230,1,25,76,"an_ta_1995_12_26_945_m","SELF","SURPRISE"
"memory",1664,1,1,950,-230,230,1,31,66,"an_ta_1995_12_26_945_m","SELF","SURPRISE"
"memory",2938,1,1,500,-230,230,1,30,69,"an_ta_1995_12_26_945_m","SELF","SURPRISE"
"memory",2809,2,2,950,230,-230,0,24,71,"an_ta_1995_12_26_945_m","SELF","SURPRISE"
"memory",1902,1,1,950,-230,230,1,30,73,"an_ta_1995_12_26_945_m","SELF","SURPRISE"
"memory",3000,3,-1,500,230,-230,0,40,51,"an_ta_1995_12_26_945_m","SELF","SURPRISE"
"memory",1824,1,1,950,-230,230,1,43,87,"an_ta_1995_12_26_945_m","SELF","SURPRISE"
"memory",2997,2,2,800,-230,230,0,13,82,"an_ta_1995_12_26_945_m","SELF","SURPRISE"
"memory",1510,1,1,800,230,-230,1,4,80,"an_ta_1995_12_26_945_m","SELF","SURPRISE"
"memory",1321,1,1,950,230,-230,1,35,66,"an_ta_1995_12_26_945_m","SELF","SURPRISE"
"memory",1260,1,1,950,230,-230,1,48,79,"an_ta_1995_12_26_945_m","SELF","SURPRISE"
"memory",2122,1,1,950,-230,230,1,43,89,"an_ta_1995_12_26_945_m","SELF","SURPRISE"
"memory",2722,1,1,950,230,-230,1,26,79,"an_ta_1995_12_26_945_m","SELF","SURPRISE"
"memory",1840,1,1,950,-230,230,1,48,89,"an_ta_1995_12_26_945_m","SELF","SURPRISE"
"memory",2043,1,1,800,230,-230,1,19,78,"an_ta_1995_12_26_945_m","SELF","SURPRISE"
"memory",3000,3,-1,950,-230,230,0,5,53,"an_ta_1995_12_26_945_m","SELF","SURPRISE"
"memory",1836,1,1,500,230,-230,1,33,62,"an_ta_1995_12_26_945_m","SELF","SURPRISE"
"memory",3000,3,-1,800,-230,230,0,32,78,"an_ta_1995_12_26_945_m","SELF","SURPRISE"
"memory",1274,1,1,650,230,-230,1,31,53,"an_ta_1995_12_26_945_m","SELF","SURPRISE"
"memory",1516,1,1,650,230,-230,1,39,55,"an_ta_1995_12_26_945_m","SELF","SURPRISE"
"memory",2759,2,2,800,-230,230,0,3,56,"an_ta_1995_12_26_945_m","SELF","SURPRISE"
"memory",3000,3,-1,1100,230,-230,0,1,84,"an_ta_1995_12_26_945_m","SELF","SURPRISE"
"memory",1640,1,1,650,230,-230,1,11,54,"an_ta_1995_12_26_945_m","SELF","SURPRISE"
"memory",2114,1,1,500,-230,230,1,19,54,"an_ta_1995_12_26_945_m","SELF","SURPRISE"
"memory",2358,1,1,950,230,-230,1,38,85,"an_ta_1995_12_26_945_m","SELF","SURPRISE"
"memory",2181,2,2,500,-230,230,0,45,83,"an_ta_1995_12_26_945_m","SELF","SURPRISE"
"memory",1362,2,2,950,-230,230,0,9,56,"an_ta_1995_12_26_945_m","SELF","SURPRISE"
"memory",1311,1,1,500,230,-230,1,39,100,"an_ta_1995_12_26_945_m","SELF","SURPRISE"
"memory",912,1,1,1100,230,-230,1,35,98,"an_ta_1995_12_26_945_m","SELF","SURPRISE"
"memory",2180,2,2,500,-230,230,0,3,58,"an_ta_1995_12_26_945_m","SELF","SURPRISE"
"memory",2271,1,1,650,-230,230,1,38,92,"an_ta_1995_12_26_945_m","SELF","SURPRISE"
"memory",1784,1,1,500,230,-230,1,11,99,"an_ta_1995_12_26_945_m","SELF","SURPRISE"
"memory",1919,1,1,500,-230,230,1,33,81,"an_ta_1995_12_26_945_m","STRANGER","NOSURPRISE"
"memory",1734,2,2,500,-230,230,0,23,56,"an_ta_1995_12_26_945_m","STRANGER","NOSURPRISE"
"memory",2166,1,1,650,-230,230,1,45,53,"an_ta_1995_12_26_945_m","STRANGER","NOSURPRISE"
"memory",1986,1,1,950,-230,230,1,21,93,"an_ta_1995_12_26_945_m","STRANGER","NOSURPRISE"
"memory",1968,1,1,950,230,-230,1,17,57,"an_ta_1995_12_26_945_m","STRANGER","NOSURPRISE"
"memory",1860,1,1,1100,-230,230,1,14,85,"an_ta_1995_12_26_945_m","STRANGER","NOSURPRISE"
"memory",1547,2,2,950,-230,230,0,16,75,"an_ta_1995_12_26_945_m","STRANGER","NOSURPRISE"
"memory",1524,1,1,650,-230,230,1,17,97,"an_ta_1995_12_26_945_m","STRANGER","NOSURPRISE"
"memory",1259,1,1,1100,230,-230,1,30,70,"an_ta_1995_12_26_945_m","STRANGER","NOSURPRISE"
"memory",1693,1,1,500,230,-230,1,32,62,"an_ta_1995_12_26_945_m","STRANGER","NOSURPRISE"
"memory",2724,1,1,950,-230,230,1,12,99,"an_ta_1995_12_26_945_m","STRANGER","NOSURPRISE"
"memory",2365,2,2,650,-230,230,0,19,76,"an_ta_1995_12_26_945_m","STRANGER","NOSURPRISE"
"memory",1361,1,1,650,-230,230,1,30,90,"an_ta_1995_12_26_945_m","STRANGER","NOSURPRISE"
"memory",2049,2,2,650,-230,230,0,9,55,"an_ta_1995_12_26_945_m","STRANGER","NOSURPRISE"
"memory",1109,1,1,650,230,-230,1,32,83,"an_ta_1995_12_26_945_m","STRANGER","NOSURPRISE"
"memory",1328,1,1,800,230,-230,1,45,57,"an_ta_1995_12_26_945_m","STRANGER","NOSURPRISE"
"memory",2139,2,2,800,-230,230,0,28,78,"an_ta_1995_12_26_945_m","STRANGER","NOSURPRISE"
"memory",2274,1,1,650,230,-230,1,44,71,"an_ta_1995_12_26_945_m","STRANGER","NOSURPRISE"
"memory",2126,1,1,650,230,-230,1,7,65,"an_ta_1995_12_26_945_m","STRANGER","NOSURPRISE"
"memory",1577,1,1,500,-230,230,1,31,99,"an_ta_1995_12_26_945_m","STRANGER","NOSURPRISE"
"memory",1887,2,2,500,-230,230,0,9,75,"an_ta_1995_12_26_945_m","STRANGER","NOSURPRISE"
"memory",2212,1,1,950,-230,230,1,27,71,"an_ta_1995_12_26_945_m","STRANGER","NOSURPRISE"
"memory",2556,1,1,800,-230,230,1,1,61,"an_ta_1995_12_26_945_m","STRANGER","NOSURPRISE"
"memory",2789,1,1,950,230,-230,1,6,64,"an_ta_1995_12_26_945_m","STRANGER","NOSURPRISE"
"memory",1360,1,1,800,230,-230,1,33,71,"an_ta_1995_12_26_945_m","STRANGER","NOSURPRISE"
"memory",1723,1,1,800,-230,230,1,20,71,"an_ta_1995_12_26_945_m","STRANGER","NOSURPRISE"
"memory",1915,1,1,650,-230,230,1,36,86,"an_ta_1995_12_26_945_m","STRANGER","NOSURPRISE"
"memory",931,1,1,650,-230,230,1,30,86,"an_ta_1995_12_26_945_m","STRANGER","NOSURPRISE"
"memory",2493,2,2,500,230,-230,0,19,79,"an_ta_1995_12_26_945_m","STRANGER","NOSURPRISE"
"memory",2071,1,1,800,230,-230,1,20,73,"an_ta_1995_12_26_945_m","STRANGER","NOSURPRISE"
"memory",1835,1,1,500,-230,230,1,41,60,"an_ta_1995_12_26_945_m","STRANGER","NOSURPRISE"
"memory",1572,2,2,1100,230,-230,0,5,53,"an_ta_1995_12_26_945_m","STRANGER","NOSURPRISE"
"memory",2292,1,1,650,230,-230,1,37,85,"an_ta_1995_12_26_945_m","STRANGER","NOSURPRISE"
"memory",1812,1,1,800,-230,230,1,6,72,"an_ta_1995_12_26_945_m","STRANGER","NOSURPRISE"
"memory",1853,1,1,500,-230,230,1,14,86,"an_ta_1995_12_26_945_m","STRANGER","NOSURPRISE"
"memory",1618,1,1,650,230,-230,1,15,71,"an_ta_1995_12_26_945_m","STRANGER","NOSURPRISE"
"memory",3000,3,-1,500,230,-230,0,48,82,"an_ta_1995_12_26_945_m","STRANGER","NOSURPRISE"
"memory",1226,1,1,650,230,-230,1,31,84,"an_ta_1995_12_26_945_m","STRANGER","NOSURPRISE"
"memory",966,1,1,950,230,-230,1,32,59,"an_ta_1995_12_26_945_m","STRANGER","NOSURPRISE"
"memory",1299,1,1,650,230,-230,1,46,63,"an_ta_1995_12_26_945_m","STRANGER","NOSURPRISE"
"memory",1468,1,1,500,-230,230,1,8,55,"an_ta_1995_12_26_945_m","STRANGER","NOSURPRISE"
"memory",1753,1,1,950,-230,230,1,49,71,"an_ta_1995_12_26_945_m","STRANGER","NOSURPRISE"
"memory",2639,1,1,500,-230,230,1,47,54,"an_ta_1995_12_26_945_m","STRANGER","NOSURPRISE"
"memory",1975,1,1,950,230,-230,1,7,54,"an_ta_1995_12_26_945_m","STRANGER","NOSURPRISE"
"memory",1997,1,1,800,-230,230,1,21,87,"an_ta_1995_12_26_945_m","STRANGER","NOSURPRISE"
"memory",1285,1,1,500,-230,230,1,27,71,"an_ta_1995_12_26_945_m","STRANGER","NOSURPRISE"
"memory",857,1,1,950,-230,230,1,35,69,"an_ta_1995_12_26_945_m","STRANGER","NOSURPRISE"
"memory",1681,1,1,800,-230,230,1,39,63,"an_ta_1995_12_26_945_m","STRANGER","NOSURPRISE"
"memory",871,1,1,650,-230,230,1,47,88,"an_ta_1995_12_26_945_m","STRANGER","NOSURPRISE"
"memory",1918,1,1,800,230,-230,1,37,62,"an_ta_1995_12_26_945_m","STRANGER","NOSURPRISE"
"memory",2535,1,1,500,-230,230,1,50,99,"an_ta_1995_12_26_945_m","STRANGER","SURPRISE"
"memory",2373,1,1,800,230,-230,1,39,88,"an_ta_1995_12_26_945_m","STRANGER","SURPRISE"
"memory",1416,1,1,500,-230,230,1,44,64,"an_ta_1995_12_26_945_m","STRANGER","SURPRISE"
"memory",1527,1,1,650,230,-230,1,19,98,"an_ta_1995_12_26_945_m","STRANGER","SURPRISE"
"memory",1567,1,1,950,-230,230,1,39,87,"an_ta_1995_12_26_945_m","STRANGER","SURPRISE"
"memory",1985,1,1,1100,230,-230,1,18,93,"an_ta_1995_12_26_945_m","STRANGER","SURPRISE"
"memory",2561,2,2,500,230,-230,0,33,65,"an_ta_1995_12_26_945_m","STRANGER","SURPRISE"
"memory",2220,2,2,650,230,-230,0,7,83,"an_ta_1995_12_26_945_m","STRANGER","SURPRISE"
"memory",2228,2,2,950,230,-230,0,43,69,"an_ta_1995_12_26_945_m","STRANGER","SURPRISE"
"memory",1677,1,1,800,230,-230,1,9,71,"an_ta_1995_12_26_945_m","STRANGER","SURPRISE"
"memory",1968,1,1,950,-230,230,1,17,93,"an_ta_1995_12_26_945_m","STRANGER","SURPRISE"
"memory",2284,1,1,950,230,-230,1,24,55,"an_ta_1995_12_26_945_m","STRANGER","SURPRISE"
"memory",1840,1,1,500,-230,230,1,7,76,"an_ta_1995_12_26_945_m","STRANGER","SURPRISE"
"memory",1352,1,1,500,230,-230,1,9,66,"an_ta_1995_12_26_945_m","STRANGER","SURPRISE"
"memory",2517,1,1,800,230,-230,1,21,94,"an_ta_1995_12_26_945_m","STRANGER","SURPRISE"
"memory",1622,1,1,950,230,-230,1,25,95,"an_ta_1995_12_26_945_m","STRANGER","SURPRISE"
"memory",2146,1,1,500,230,-230,1,7,78,"an_ta_1995_12_26_945_m","STRANGER","SURPRISE"
"memory",3000,3,-1,650,230,-230,0,36,59,"an_ta_1995_12_26_945_m","STRANGER","SURPRISE"
"memory",2765,2,2,800,-230,230,0,40,76,"an_ta_1995_12_26_945_m","STRANGER","SURPRISE"
"memory",1230,1,1,650,-230,230,1,19,54,"an_ta_1995_12_26_945_m","STRANGER","SURPRISE"
"memory",1721,1,1,950,-230,230,1,35,57,"an_ta_1995_12_26_945_m","STRANGER","SURPRISE"
"memory",1501,2,2,800,230,-230,0,20,69,"an_ta_1995_12_26_945_m","STRANGER","SURPRISE"
"memory",801,1,1,500,-230,230,1,9,60,"an_ta_1995_12_26_945_m","STRANGER","SURPRISE"
"memory",1592,2,2,950,-230,230,0,11,83,"an_ta_1995_12_26_945_m","STRANGER","SURPRISE"
"memory",2457,1,1,800,-230,230,1,20,86,"an_ta_1995_12_26_945_m","STRANGER","SURPRISE"
"memory",1879,1,1,950,230,-230,1,47,78,"an_ta_1995_12_26_945_m","STRANGER","SURPRISE"
"memory",1489,2,2,650,-230,230,0,47,71,"an_ta_1995_12_26_945_m","STRANGER","SURPRISE"
"memory",2637,1,1,800,-230,230,1,15,60,"an_ta_1995_12_26_945_m","STRANGER","SURPRISE"
"memory",1693,2,2,500,-230,230,0,30,61,"an_ta_1995_12_26_945_m","STRANGER","SURPRISE"
"memory",2365,2,2,950,230,-230,0,40,84,"an_ta_1995_12_26_945_m","STRANGER","SURPRISE"
"memory",824,1,1,500,-230,230,1,44,54,"an_ta_1995_12_26_945_m","STRANGER","SURPRISE"
"memory",2396,1,1,950,-230,230,1,29,69,"an_ta_1995_12_26_945_m","STRANGER","SURPRISE"
"memory",1503,1,1,500,230,-230,1,45,68,"an_ta_1995_12_26_945_m","STRANGER","SURPRISE"
"memory",2466,1,1,650,230,-230,1,2,99,"an_ta_1995_12_26_945_m","STRANGER","SURPRISE"
"memory",2396,2,2,500,-230,230,0,20,98,"an_ta_1995_12_26_945_m","STRANGER","SURPRISE"
"memory",2546,1,1,950,-230,230,1,48,56,"an_ta_1995_12_26_945_m","STRANGER","SURPRISE"
"memory",1023,1,1,800,-230,230,1,25,65,"an_ta_1995_12_26_945_m","STRANGER","SURPRISE"
"memory",1413,1,1,950,230,-230,1,9,91,"an_ta_1995_12_26_945_m","STRANGER","SURPRISE"
"memory",1487,1,1,650,230,-230,1,6,98,"an_ta_1995_12_26_945_m","STRANGER","SURPRISE"
"memory",2359,1,1,950,-230,230,1,21,77,"an_ta_1995_12_26_945_m","STRANGER","SURPRISE"
"memory",2680,1,1,1100,230,-230,1,29,64,"an_ta_1995_12_26_945_m","STRANGER","SURPRISE"
"memory",1303,2,2,950,-230,230,0,36,76,"an_ta_1995_12_26_945_m","STRANGER","SURPRISE"
"memory",2293,1,1,800,-230,230,1,22,54,"an_ta_1995_12_26_945_m","STRANGER","SURPRISE"
"memory",1852,2,2,950,-230,230,0,37,84,"an_ta_1995_12_26_945_m","STRANGER","SURPRISE"
"memory",1093,1,1,500,230,-230,1,9,71,"an_ta_1995_12_26_945_m","STRANGER","SURPRISE"
"memory",1834,1,1,800,-230,230,1,26,82,"an_ta_1995_12_26_945_m","STRANGER","SURPRISE"
"memory",1004,1,1,650,230,-230,1,26,54,"an_ta_1995_12_26_945_m","STRANGER","SURPRISE"
"memory",1872,2,1,950,230,-230,0,36,78,"an_ta_1995_12_26_945_m","STRANGER","SURPRISE"
"memory",1468,2,2,950,-230,230,0,40,94,"an_ta_1995_12_26_945_m","STRANGER","SURPRISE"
"memory",2632,1,1,500,230,-230,1,3,90,"an_ta_1995_12_26_945_m","STRANGER","SURPRISE"
"memory",1983,2,2,500,-230,230,0,36,89,"fr_pi_1996_06_22_986_m","SELF","NOSURPRISE"
"memory",1395,1,1,1100,230,-230,1,7,59,"fr_pi_1996_06_22_986_m","SELF","NOSURPRISE"
"memory",1123,1,1,500,-230,230,1,32,54,"fr_pi_1996_06_22_986_m","SELF","NOSURPRISE"
"memory",933,1,1,650,230,-230,1,27,55,"fr_pi_1996_06_22_986_m","SELF","NOSURPRISE"
"memory",1103,1,1,950,230,-230,1,46,72,"fr_pi_1996_06_22_986_m","SELF","NOSURPRISE"
"memory",966,1,1,950,230,-230,1,1,72,"fr_pi_1996_06_22_986_m","SELF","NOSURPRISE"
"memory",1623,1,1,500,-230,230,1,1,75,"fr_pi_1996_06_22_986_m","SELF","NOSURPRISE"
"memory",1150,1,1,500,230,-230,1,10,87,"fr_pi_1996_06_22_986_m","SELF","NOSURPRISE"
"memory",1729,2,2,800,-230,230,0,23,58,"fr_pi_1996_06_22_986_m","SELF","NOSURPRISE"
"memory",1150,1,1,950,230,-230,1,29,53,"fr_pi_1996_06_22_986_m","SELF","NOSURPRISE"
"memory",1202,1,1,500,230,-230,1,23,99,"fr_pi_1996_06_22_986_m","SELF","NOSURPRISE"
"memory",916,1,1,500,-230,230,1,25,56,"fr_pi_1996_06_22_986_m","SELF","NOSURPRISE"
"memory",1304,1,1,500,230,-230,1,16,86,"fr_pi_1996_06_22_986_m","SELF","NOSURPRISE"
"memory",917,1,1,950,230,-230,1,14,99,"fr_pi_1996_06_22_986_m","SELF","NOSURPRISE"
"memory",1311,1,1,800,230,-230,1,5,69,"fr_pi_1996_06_22_986_m","SELF","NOSURPRISE"
"memory",999,2,2,950,230,-230,0,47,89,"fr_pi_1996_06_22_986_m","SELF","NOSURPRISE"
"memory",1526,1,1,650,230,-230,1,44,87,"fr_pi_1996_06_22_986_m","SELF","NOSURPRISE"
"memory",1557,1,1,500,230,-230,1,21,97,"fr_pi_1996_06_22_986_m","SELF","NOSURPRISE"
"memory",2170,1,1,950,230,-230,1,22,90,"fr_pi_1996_06_22_986_m","SELF","NOSURPRISE"
"memory",975,1,1,650,-230,230,1,5,58,"fr_pi_1996_06_22_986_m","SELF","NOSURPRISE"
"memory",1511,1,1,800,-230,230,1,1,62,"fr_pi_1996_06_22_986_m","SELF","NOSURPRISE"
"memory",1614,2,2,950,230,-230,0,12,62,"fr_pi_1996_06_22_986_m","SELF","NOSURPRISE"
"memory",1759,1,1,1100,230,-230,1,16,83,"fr_pi_1996_06_22_986_m","SELF","NOSURPRISE"
"memory",1089,1,1,650,230,-230,1,29,85,"fr_pi_1996_06_22_986_m","SELF","NOSURPRISE"
"memory",1652,1,1,800,-230,230,1,16,67,"fr_pi_1996_06_22_986_m","SELF","NOSURPRISE"
"memory",3000,3,-1,800,230,-230,0,9,89,"fr_pi_1996_06_22_986_m","SELF","NOSURPRISE"
"memory",1216,1,1,500,230,-230,1,16,85,"fr_pi_1996_06_22_986_m","SELF","NOSURPRISE"
"memory",2045,1,1,500,230,-230,1,14,71,"fr_pi_1996_06_22_986_m","SELF","NOSURPRISE"
"memory",2394,2,2,800,230,-230,0,22,92,"fr_pi_1996_06_22_986_m","SELF","NOSURPRISE"
"memory",1434,1,1,800,230,-230,1,29,74,"fr_pi_1996_06_22_986_m","SELF","NOSURPRISE"
"memory",2349,1,1,950,-230,230,1,23,87,"fr_pi_1996_06_22_986_m","SELF","NOSURPRISE"
"memory",2564,2,2,650,230,-230,0,50,55,"fr_pi_1996_06_22_986_m","SELF","NOSURPRISE"
"memory",1643,1,1,650,230,-230,1,25,81,"fr_pi_1996_06_22_986_m","SELF","NOSURPRISE"
"memory",1860,1,1,500,230,-230,1,28,57,"fr_pi_1996_06_22_986_m","SELF","NOSURPRISE"
"memory",980,1,1,950,230,-230,1,27,73,"fr_pi_1996_06_22_986_m","SELF","NOSURPRISE"
"memory",988,2,2,650,-230,230,0,13,91,"fr_pi_1996_06_22_986_m","SELF","NOSURPRISE"
"memory",954,1,1,500,230,-230,1,15,77,"fr_pi_1996_06_22_986_m","SELF","NOSURPRISE"
"memory",1219,2,2,950,-230,230,0,12,55,"fr_pi_1996_06_22_986_m","SELF","NOSURPRISE"
"memory",1974,3,-1,500,230,-230,0,2,57,"fr_pi_1996_06_22_986_m","SELF","NOSURPRISE"
"memory",1068,1,1,500,-230,230,1,5,87,"fr_pi_1996_06_22_986_m","SELF","NOSURPRISE"
"memory",2473,2,2,800,-230,230,0,25,86,"fr_pi_1996_06_22_986_m","SELF","NOSURPRISE"
"memory",1651,1,1,650,-230,230,1,37,100,"fr_pi_1996_06_22_986_m","SELF","NOSURPRISE"
"memory",1229,1,1,500,230,-230,1,7,69,"fr_pi_1996_06_22_986_m","SELF","NOSURPRISE"
"memory",1175,1,1,650,-230,230,1,41,71,"fr_pi_1996_06_22_986_m","SELF","NOSURPRISE"
"memory",1056,2,3,800,230,-230,0,45,67,"fr_pi_1996_06_22_986_m","SELF","NOSURPRISE"
"memory",1153,1,1,950,230,-230,1,31,51,"fr_pi_1996_06_22_986_m","SELF","NOSURPRISE"
"memory",823,1,1,800,-230,230,1,15,97,"fr_pi_1996_06_22_986_m","SELF","NOSURPRISE"
"memory",1381,2,2,950,230,-230,0,8,99,"fr_pi_1996_06_22_986_m","SELF","NOSURPRISE"
"memory",960,1,1,800,230,-230,1,36,52,"fr_pi_1996_06_22_986_m","SELF","NOSURPRISE"
"memory",1427,1,1,950,-230,230,1,9,60,"fr_pi_1996_06_22_986_m","SELF","NOSURPRISE"
"memory",1469,1,1,500,-230,230,1,47,60,"fr_pi_1996_06_22_986_m","SELF","SURPRISE"
"memory",1770,2,2,950,230,-230,0,24,67,"fr_pi_1996_06_22_986_m","SELF","SURPRISE"
"memory",2483,2,2,500,-230,230,0,31,76,"fr_pi_1996_06_22_986_m","SELF","SURPRISE"
"memory",1196,1,1,950,-230,230,1,25,95,"fr_pi_1996_06_22_986_m","SELF","SURPRISE"
"memory",1912,1,1,650,230,-230,1,25,78,"fr_pi_1996_06_22_986_m","SELF","SURPRISE"
"memory",1456,1,1,950,-230,230,1,32,89,"fr_pi_1996_06_22_986_m","SELF","SURPRISE"
"memory",2880,1,1,650,230,-230,1,42,92,"fr_pi_1996_06_22_986_m","SELF","SURPRISE"
"memory",2009,1,1,650,230,-230,1,45,68,"fr_pi_1996_06_22_986_m","SELF","SURPRISE"
"memory",1970,2,2,800,230,-230,0,22,92,"fr_pi_1996_06_22_986_m","SELF","SURPRISE"
"memory",1485,1,1,950,230,-230,1,49,85,"fr_pi_1996_06_22_986_m","SELF","SURPRISE"
"memory",3000,3,-1,650,230,-230,0,28,64,"fr_pi_1996_06_22_986_m","SELF","SURPRISE"
"memory",1443,2,2,950,-230,230,0,38,56,"fr_pi_1996_06_22_986_m","SELF","SURPRISE"
"memory",1941,1,1,950,-230,230,1,27,66,"fr_pi_1996_06_22_986_m","SELF","SURPRISE"
"memory",1978,1,1,950,-230,230,1,24,88,"fr_pi_1996_06_22_986_m","SELF","SURPRISE"
"memory",1870,2,2,650,230,-230,0,14,51,"fr_pi_1996_06_22_986_m","SELF","SURPRISE"
"memory",1871,2,2,500,230,-230,0,9,60,"fr_pi_1996_06_22_986_m","SELF","SURPRISE"
"memory",1636,1,1,500,230,-230,1,42,67,"fr_pi_1996_06_22_986_m","SELF","SURPRISE"
"memory",1168,2,2,800,-230,230,0,39,86,"fr_pi_1996_06_22_986_m","SELF","SURPRISE"
"memory",1670,1,1,500,-230,230,1,30,74,"fr_pi_1996_06_22_986_m","SELF","SURPRISE"
"memory",1701,1,1,800,-230,230,1,50,70,"fr_pi_1996_06_22_986_m","SELF","SURPRISE"
"memory",1214,1,1,500,230,-230,1,10,85,"fr_pi_1996_06_22_986_m","SELF","SURPRISE"
"memory",1525,1,1,650,-230,230,1,4,80,"fr_pi_1996_06_22_986_m","SELF","SURPRISE"
"memory",997,1,1,500,-230,230,1,24,69,"fr_pi_1996_06_22_986_m","SELF","SURPRISE"
"memory",1366,2,2,650,-230,230,0,20,76,"fr_pi_1996_06_22_986_m","SELF","SURPRISE"
"memory",1481,1,1,1100,-230,230,1,40,99,"fr_pi_1996_06_22_986_m","SELF","SURPRISE"
"memory",1228,1,1,950,230,-230,1,12,81,"fr_pi_1996_06_22_986_m","SELF","SURPRISE"
"memory",1162,1,1,500,-230,230,1,30,59,"fr_pi_1996_06_22_986_m","SELF","SURPRISE"
"memory",1280,1,1,800,230,-230,1,29,91,"fr_pi_1996_06_22_986_m","SELF","SURPRISE"
"memory",1404,2,2,500,230,-230,0,34,72,"fr_pi_1996_06_22_986_m","SELF","SURPRISE"
"memory",1702,2,2,800,230,-230,0,34,68,"fr_pi_1996_06_22_986_m","SELF","SURPRISE"
"memory",2467,1,1,950,230,-230,1,47,67,"fr_pi_1996_06_22_986_m","SELF","SURPRISE"
"memory",1938,1,1,800,230,-230,1,7,93,"fr_pi_1996_06_22_986_m","SELF","SURPRISE"
"memory",1222,1,1,800,230,-230,1,20,84,"fr_pi_1996_06_22_986_m","SELF","SURPRISE"
"memory",1671,2,2,650,230,-230,0,26,70,"fr_pi_1996_06_22_986_m","SELF","SURPRISE"
"memory",1633,1,1,800,230,-230,1,17,96,"fr_pi_1996_06_22_986_m","SELF","SURPRISE"
"memory",2573,1,1,800,-230,230,1,13,85,"fr_pi_1996_06_22_986_m","SELF","SURPRISE"
"memory",1756,2,2,500,230,-230,0,21,64,"fr_pi_1996_06_22_986_m","SELF","SURPRISE"
"memory",1109,2,2,500,-230,230,0,45,76,"fr_pi_1996_06_22_986_m","SELF","SURPRISE"
"memory",1247,1,1,950,-230,230,1,22,79,"fr_pi_1996_06_22_986_m","SELF","SURPRISE"
"memory",1524,1,1,950,230,-230,1,15,100,"fr_pi_1996_06_22_986_m","SELF","SURPRISE"
"memory",1311,1,1,500,230,-230,1,47,93,"fr_pi_1996_06_22_986_m","SELF","SURPRISE"
"memory",2621,1,1,500,230,-230,1,33,75,"fr_pi_1996_06_22_986_m","SELF","SURPRISE"
"memory",1845,2,2,800,-230,230,0,35,54,"fr_pi_1996_06_22_986_m","SELF","SURPRISE"
"memory",1260,1,1,1100,-230,230,1,19,69,"fr_pi_1996_06_22_986_m","SELF","SURPRISE"
"memory",1033,1,1,950,-230,230,1,38,72,"fr_pi_1996_06_22_986_m","SELF","SURPRISE"
"memory",2071,2,2,800,-230,230,0,26,79,"fr_pi_1996_06_22_986_m","SELF","SURPRISE"
"memory",1684,2,2,650,230,-230,0,4,81,"fr_pi_1996_06_22_986_m","SELF","SURPRISE"
"memory",1812,1,1,650,-230,230,1,25,68,"fr_pi_1996_06_22_986_m","SELF","SURPRISE"
"memory",1121,2,2,500,230,-230,0,43,68,"fr_pi_1996_06_22_986_m","SELF","SURPRISE"
"memory",1992,1,1,1100,230,-230,1,10,83,"fr_pi_1996_06_22_986_m","SELF","SURPRISE"
"memory",2056,1,1,950,-230,230,1,9,86,"fr_pi_1996_06_22_986_m","STRANGER","NOSURPRISE"
"memory",1776,1,1,650,230,-230,1,29,68,"fr_pi_1996_06_22_986_m","STRANGER","NOSURPRISE"
"memory",1174,1,1,950,-230,230,1,14,90,"fr_pi_1996_06_22_986_m","STRANGER","NOSURPRISE"
"memory",1181,1,1,800,230,-230,1,50,60,"fr_pi_1996_06_22_986_m","STRANGER","NOSURPRISE"
"memory",856,1,1,800,-230,230,1,44,97,"fr_pi_1996_06_22_986_m","STRANGER","NOSURPRISE"
"memory",820,1,1,650,230,-230,1,24,76,"fr_pi_1996_06_22_986_m","STRANGER","NOSURPRISE"
"memory",925,1,1,500,-230,230,1,50,93,"fr_pi_1996_06_22_986_m","STRANGER","NOSURPRISE"
"memory",1097,1,1,650,-230,230,1,40,77,"fr_pi_1996_06_22_986_m","STRANGER","NOSURPRISE"
"memory",834,1,1,500,230,-230,1,35,73,"fr_pi_1996_06_22_986_m","STRANGER","NOSURPRISE"
"memory",954,1,1,800,230,-230,1,21,68,"fr_pi_1996_06_22_986_m","STRANGER","NOSURPRISE"
"memory",829,1,1,500,230,-230,1,44,84,"fr_pi_1996_06_22_986_m","STRANGER","NOSURPRISE"
"memory",1344,1,1,500,-230,230,1,1,51,"fr_pi_1996_06_22_986_m","STRANGER","NOSURPRISE"
"memory",1001,1,1,650,230,-230,1,5,79,"fr_pi_1996_06_22_986_m","STRANGER","NOSURPRISE"
"memory",1948,1,1,800,-230,230,1,25,86,"fr_pi_1996_06_22_986_m","STRANGER","NOSURPRISE"
"memory",2123,1,1,800,230,-230,1,27,55,"fr_pi_1996_06_22_986_m","STRANGER","NOSURPRISE"
"memory",1073,1,1,1100,230,-230,1,49,62,"fr_pi_1996_06_22_986_m","STRANGER","NOSURPRISE"
"memory",1545,2,2,800,230,-230,0,36,82,"fr_pi_1996_06_22_986_m","STRANGER","NOSURPRISE"
"memory",2148,2,2,950,-230,230,0,23,67,"fr_pi_1996_06_22_986_m","STRANGER","NOSURPRISE"
"memory",1828,2,2,500,-230,230,0,18,75,"fr_pi_1996_06_22_986_m","STRANGER","NOSURPRISE"
"memory",991,1,1,650,230,-230,1,23,86,"fr_pi_1996_06_22_986_m","STRANGER","NOSURPRISE"
"memory",1129,1,1,1100,-230,230,1,44,89,"fr_pi_1996_06_22_986_m","STRANGER","NOSURPRISE"
"memory",1287,1,1,950,230,-230,1,6,62,"fr_pi_1996_06_22_986_m","STRANGER","NOSURPRISE"
"memory",1730,1,1,500,230,-230,1,34,97,"fr_pi_1996_06_22_986_m","STRANGER","NOSURPRISE"
"memory",1208,1,1,500,-230,230,1,37,92,"fr_pi_1996_06_22_986_m","STRANGER","NOSURPRISE"
"memory",950,1,1,800,230,-230,1,1,72,"fr_pi_1996_06_22_986_m","STRANGER","NOSURPRISE"
"memory",1114,1,1,800,-230,230,1,46,89,"fr_pi_1996_06_22_986_m","STRANGER","NOSURPRISE"
"memory",842,1,1,800,-230,230,1,30,79,"fr_pi_1996_06_22_986_m","STRANGER","NOSURPRISE"
"memory",1317,1,1,800,-230,230,1,36,70,"fr_pi_1996_06_22_986_m","STRANGER","NOSURPRISE"
"memory",1425,1,1,800,-230,230,1,16,85,"fr_pi_1996_06_22_986_m","STRANGER","NOSURPRISE"
"memory",2542,2,2,950,230,-230,0,4,60,"fr_pi_1996_06_22_986_m","STRANGER","NOSURPRISE"
"memory",913,1,1,500,-230,230,1,6,74,"fr_pi_1996_06_22_986_m","STRANGER","NOSURPRISE"
"memory",1619,1,1,650,-230,230,1,7,62,"fr_pi_1996_06_22_986_m","STRANGER","NOSURPRISE"
"memory",1081,1,1,800,-230,230,1,42,92,"fr_pi_1996_06_22_986_m","STRANGER","NOSURPRISE"
"memory",993,2,2,950,-230,230,0,34,73,"fr_pi_1996_06_22_986_m","STRANGER","NOSURPRISE"
"memory",1301,1,1,650,-230,230,1,32,88,"fr_pi_1996_06_22_986_m","STRANGER","NOSURPRISE"
"memory",1279,1,1,950,-230,230,1,23,78,"fr_pi_1996_06_22_986_m","STRANGER","NOSURPRISE"
"memory",1074,1,1,950,230,-230,1,1,54,"fr_pi_1996_06_22_986_m","STRANGER","NOSURPRISE"
"memory",1895,2,2,500,-230,230,0,38,77,"fr_pi_1996_06_22_986_m","STRANGER","NOSURPRISE"
"memory",1411,2,2,800,230,-230,0,12,67,"fr_pi_1996_06_22_986_m","STRANGER","NOSURPRISE"
"memory",981,1,1,950,-230,230,1,16,83,"fr_pi_1996_06_22_986_m","STRANGER","NOSURPRISE"
"memory",907,1,1,950,-230,230,1,45,97,"fr_pi_1996_06_22_986_m","STRANGER","NOSURPRISE"
"memory",1225,1,1,950,230,-230,1,19,88,"fr_pi_1996_06_22_986_m","STRANGER","NOSURPRISE"
"memory",1170,1,1,800,230,-230,1,3,92,"fr_pi_1996_06_22_986_m","STRANGER","NOSURPRISE"
"memory",1810,1,1,950,230,-230,1,15,91,"fr_pi_1996_06_22_986_m","STRANGER","NOSURPRISE"
"memory",1419,1,1,1100,230,-230,1,13,64,"fr_pi_1996_06_22_986_m","STRANGER","NOSURPRISE"
"memory",1548,2,2,650,230,-230,0,26,55,"fr_pi_1996_06_22_986_m","STRANGER","NOSURPRISE"
"memory",1269,1,1,950,230,-230,1,36,59,"fr_pi_1996_06_22_986_m","STRANGER","NOSURPRISE"
"memory",1312,1,1,950,-230,230,1,25,91,"fr_pi_1996_06_22_986_m","STRANGER","NOSURPRISE"
"memory",1144,1,1,950,-230,230,1,16,70,"fr_pi_1996_06_22_986_m","STRANGER","NOSURPRISE"
"memory",679,2,2,650,230,-230,0,5,55,"fr_pi_1996_06_22_986_m","STRANGER","NOSURPRISE"
"memory",1165,1,1,800,230,-230,1,8,79,"fr_pi_1996_06_22_986_m","STRANGER","SURPRISE"
"memory",898,1,1,800,-230,230,1,33,60,"fr_pi_1996_06_22_986_m","STRANGER","SURPRISE"
"memory",1127,1,1,800,-230,230,1,27,73,"fr_pi_1996_06_22_986_m","STRANGER","SURPRISE"
"memory",1402,1,1,800,230,-230,1,46,77,"fr_pi_1996_06_22_986_m","STRANGER","SURPRISE"
"memory",1588,2,2,950,-230,230,0,10,62,"fr_pi_1996_06_22_986_m","STRANGER","SURPRISE"
"memory",1174,1,1,950,-230,230,1,26,69,"fr_pi_1996_06_22_986_m","STRANGER","SURPRISE"
"memory",1307,2,2,500,230,-230,0,29,53,"fr_pi_1996_06_22_986_m","STRANGER","SURPRISE"
"memory",1265,1,1,950,230,-230,1,40,71,"fr_pi_1996_06_22_986_m","STRANGER","SURPRISE"
"memory",1593,2,2,650,230,-230,0,38,90,"fr_pi_1996_06_22_986_m","STRANGER","SURPRISE"
"memory",1863,2,2,800,-230,230,0,29,90,"fr_pi_1996_06_22_986_m","STRANGER","SURPRISE"
"memory",2251,1,1,950,-230,230,1,12,97,"fr_pi_1996_06_22_986_m","STRANGER","SURPRISE"
"memory",1877,2,2,500,-230,230,0,43,84,"fr_pi_1996_06_22_986_m","STRANGER","SURPRISE"
"memory",2933,1,1,800,-230,230,1,2,95,"fr_pi_1996_06_22_986_m","STRANGER","SURPRISE"
"memory",1729,1,1,950,-230,230,1,50,95,"fr_pi_1996_06_22_986_m","STRANGER","SURPRISE"
"memory",1818,1,1,950,230,-230,1,6,67,"fr_pi_1996_06_22_986_m","STRANGER","SURPRISE"
"memory",1259,1,1,950,-230,230,1,5,83,"fr_pi_1996_06_22_986_m","STRANGER","SURPRISE"
"memory",1466,2,2,650,-230,230,0,10,51,"fr_pi_1996_06_22_986_m","STRANGER","SURPRISE"
"memory",1748,1,1,950,-230,230,1,12,70,"fr_pi_1996_06_22_986_m","STRANGER","SURPRISE"
"memory",2150,1,1,650,-230,230,1,13,89,"fr_pi_1996_06_22_986_m","STRANGER","SURPRISE"
"memory",1522,1,1,800,-230,230,1,43,89,"fr_pi_1996_06_22_986_m","STRANGER","SURPRISE"
"memory",1285,1,1,650,230,-230,1,38,70,"fr_pi_1996_06_22_986_m","STRANGER","SURPRISE"
"memory",2646,1,1,650,-230,230,1,23,68,"fr_pi_1996_06_22_986_m","STRANGER","SURPRISE"
"memory",3000,3,-1,950,230,-230,0,7,57,"fr_pi_1996_06_22_986_m","STRANGER","SURPRISE"
"memory",1689,2,2,950,-230,230,0,7,89,"fr_pi_1996_06_22_986_m","STRANGER","SURPRISE"
"memory",1426,1,1,800,-230,230,1,25,61,"fr_pi_1996_06_22_986_m","STRANGER","SURPRISE"
"memory",1337,2,2,500,-230,230,0,22,82,"fr_pi_1996_06_22_986_m","STRANGER","SURPRISE"
"memory",1272,1,1,500,230,-230,1,3,54,"fr_pi_1996_06_22_986_m","STRANGER","SURPRISE"
"memory",2637,3,-1,650,-230,230,0,42,57,"fr_pi_1996_06_22_986_m","STRANGER","SURPRISE"
"memory",1158,1,1,650,230,-230,1,37,69,"fr_pi_1996_06_22_986_m","STRANGER","SURPRISE"
"memory",1586,1,1,500,230,-230,1,28,91,"fr_pi_1996_06_22_986_m","STRANGER","SURPRISE"
"memory",1030,2,2,500,230,-230,0,8,61,"fr_pi_1996_06_22_986_m","STRANGER","SURPRISE"
"memory",772,1,1,1100,-230,230,1,40,58,"fr_pi_1996_06_22_986_m","STRANGER","SURPRISE"
"memory",1010,1,1,650,-230,230,1,16,74,"fr_pi_1996_06_22_986_m","STRANGER","SURPRISE"
"memory",1211,1,1,500,230,-230,1,3,74,"fr_pi_1996_06_22_986_m","STRANGER","SURPRISE"
"memory",1378,1,1,950,-230,230,1,4,64,"fr_pi_1996_06_22_986_m","STRANGER","SURPRISE"
"memory",1129,1,1,500,230,-230,1,25,96,"fr_pi_1996_06_22_986_m","STRANGER","SURPRISE"
"memory",2359,2,2,500,230,-230,0,50,51,"fr_pi_1996_06_22_986_m","STRANGER","SURPRISE"
"memory",1536,1,1,800,-230,230,1,19,83,"fr_pi_1996_06_22_986_m","STRANGER","SURPRISE"
"memory",1192,1,1,500,-230,230,1,7,85,"fr_pi_1996_06_22_986_m","STRANGER","SURPRISE"
"memory",1552,1,1,650,-230,230,1,11,86,"fr_pi_1996_06_22_986_m","STRANGER","SURPRISE"
"memory",1631,2,2,500,230,-230,0,11,96,"fr_pi_1996_06_22_986_m","STRANGER","SURPRISE"
"memory",1175,1,1,950,-230,230,1,43,80,"fr_pi_1996_06_22_986_m","STRANGER","SURPRISE"
"memory",1043,1,1,950,230,-230,1,36,74,"fr_pi_1996_06_22_986_m","STRANGER","SURPRISE"
"memory",929,1,1,950,230,-230,1,8,95,"fr_pi_1996_06_22_986_m","STRANGER","SURPRISE"
"memory",1479,2,2,650,230,-230,0,17,66,"fr_pi_1996_06_22_986_m","STRANGER","SURPRISE"
"memory",1437,1,1,500,-230,230,1,9,69,"fr_pi_1996_06_22_986_m","STRANGER","SURPRISE"
"memory",1433,1,1,950,-230,230,1,50,63,"fr_pi_1996_06_22_986_m","STRANGER","SURPRISE"
"memory",1140,1,1,500,-230,230,1,48,75,"fr_pi_1996_06_22_986_m","STRANGER","SURPRISE"
"memory",2080,1,1,1100,-230,230,1,2,54,"fr_pi_1996_06_22_986_m","STRANGER","SURPRISE"
"memory",2455,3,-1,650,230,-230,0,42,96,"fr_pi_1996_06_22_986_m","STRANGER","SURPRISE"
"memory",2537,1,1,650,-230,230,1,34,91,"ma_po_1969_05_24_201_m","SELF","NOSURPRISE"
"memory",1735,1,1,800,230,-230,1,39,75,"ma_po_1969_05_24_201_m","SELF","NOSURPRISE"
"memory",2470,1,1,800,-230,230,1,20,100,"ma_po_1969_05_24_201_m","SELF","NOSURPRISE"
"memory",3000,3,-1,800,-230,230,0,20,75,"ma_po_1969_05_24_201_m","SELF","NOSURPRISE"
"memory",2546,1,1,650,-230,230,1,15,99,"ma_po_1969_05_24_201_m","SELF","NOSURPRISE"
"memory",2659,1,1,950,230,-230,1,12,97,"ma_po_1969_05_24_201_m","SELF","NOSURPRISE"
"memory",3000,3,-1,650,-230,230,0,21,92,"ma_po_1969_05_24_201_m","SELF","NOSURPRISE"
"memory",1597,1,1,500,230,-230,1,3,65,"ma_po_1969_05_24_201_m","SELF","NOSURPRISE"
"memory",1702,1,1,950,230,-230,1,44,98,"ma_po_1969_05_24_201_m","SELF","NOSURPRISE"
"memory",1839,1,1,500,-230,230,1,30,77,"ma_po_1969_05_24_201_m","SELF","NOSURPRISE"
"memory",1608,1,1,800,-230,230,1,6,79,"ma_po_1969_05_24_201_m","SELF","NOSURPRISE"
"memory",1542,1,1,650,-230,230,1,17,88,"ma_po_1969_05_24_201_m","SELF","NOSURPRISE"
"memory",1647,1,1,650,230,-230,1,7,82,"ma_po_1969_05_24_201_m","SELF","NOSURPRISE"
"memory",1456,1,1,950,230,-230,1,40,70,"ma_po_1969_05_24_201_m","SELF","NOSURPRISE"
"memory",2251,1,1,500,-230,230,1,23,73,"ma_po_1969_05_24_201_m","SELF","NOSURPRISE"
"memory",1631,1,1,800,-230,230,1,43,92,"ma_po_1969_05_24_201_m","SELF","NOSURPRISE"
"memory",1554,1,1,1100,230,-230,1,3,71,"ma_po_1969_05_24_201_m","SELF","NOSURPRISE"
"memory",2138,1,1,800,230,-230,1,18,98,"ma_po_1969_05_24_201_m","SELF","NOSURPRISE"
"memory",1787,1,1,800,-230,230,1,41,85,"ma_po_1969_05_24_201_m","SELF","NOSURPRISE"
"memory",1552,1,1,950,-230,230,1,37,71,"ma_po_1969_05_24_201_m","SELF","NOSURPRISE"
"memory",2374,1,1,950,-230,230,1,25,78,"ma_po_1969_05_24_201_m","SELF","NOSURPRISE"
"memory",1994,1,1,800,-230,230,1,7,56,"ma_po_1969_05_24_201_m","SELF","NOSURPRISE"
"memory",1664,1,1,500,230,-230,1,27,61,"ma_po_1969_05_24_201_m","SELF","NOSURPRISE"
"memory",1512,1,1,500,-230,230,1,38,58,"ma_po_1969_05_24_201_m","SELF","NOSURPRISE"
"memory",1497,1,1,500,230,-230,1,8,60,"ma_po_1969_05_24_201_m","SELF","NOSURPRISE"
"memory",1362,1,1,950,-230,230,1,30,61,"ma_po_1969_05_24_201_m","SELF","NOSURPRISE"
"memory",2145,2,2,800,230,-230,0,18,96,"ma_po_1969_05_24_201_m","SELF","NOSURPRISE"
"memory",3000,3,-1,800,-230,230,0,41,96,"ma_po_1969_05_24_201_m","SELF","NOSURPRISE"
"memory",2157,1,1,500,-230,230,1,31,67,"ma_po_1969_05_24_201_m","SELF","NOSURPRISE"
"memory",1957,1,1,650,230,-230,1,36,89,"ma_po_1969_05_24_201_m","SELF","NOSURPRISE"
"memory",2421,2,2,800,230,-230,0,12,84,"ma_po_1969_05_24_201_m","SELF","NOSURPRISE"
"memory",2096,1,1,1100,230,-230,1,41,79,"ma_po_1969_05_24_201_m","SELF","NOSURPRISE"
"memory",2646,1,1,650,230,-230,1,28,59,"ma_po_1969_05_24_201_m","SELF","NOSURPRISE"
"memory",1585,1,1,800,-230,230,1,14,86,"ma_po_1969_05_24_201_m","SELF","NOSURPRISE"
"memory",1697,2,2,800,-230,230,0,48,82,"ma_po_1969_05_24_201_m","SELF","NOSURPRISE"
"memory",1757,1,1,650,-230,230,1,6,60,"ma_po_1969_05_24_201_m","SELF","NOSURPRISE"
"memory",1418,1,1,950,-230,230,1,14,53,"ma_po_1969_05_24_201_m","SELF","NOSURPRISE"
"memory",2220,1,1,650,-230,230,1,41,87,"ma_po_1969_05_24_201_m","SELF","NOSURPRISE"
"memory",1444,1,1,650,230,-230,1,1,86,"ma_po_1969_05_24_201_m","SELF","NOSURPRISE"
"memory",1746,1,1,500,230,-230,1,24,77,"ma_po_1969_05_24_201_m","SELF","NOSURPRISE"
"memory",2018,1,1,950,230,-230,1,9,57,"ma_po_1969_05_24_201_m","SELF","NOSURPRISE"
"memory",1670,1,1,650,230,-230,1,39,94,"ma_po_1969_05_24_201_m","SELF","NOSURPRISE"
"memory",1814,1,1,800,-230,230,1,17,87,"ma_po_1969_05_24_201_m","SELF","NOSURPRISE"
"memory",969,1,1,950,-230,230,1,6,77,"ma_po_1969_05_24_201_m","SELF","NOSURPRISE"
"memory",1637,1,1,500,-230,230,1,32,65,"ma_po_1969_05_24_201_m","SELF","NOSURPRISE"
"memory",1085,1,1,500,-230,230,1,30,75,"ma_po_1969_05_24_201_m","SELF","NOSURPRISE"
"memory",1447,2,2,500,-230,230,0,35,94,"ma_po_1969_05_24_201_m","SELF","NOSURPRISE"
"memory",3000,3,-1,800,-230,230,0,18,84,"ma_po_1969_05_24_201_m","SELF","NOSURPRISE"
"memory",1551,1,1,950,230,-230,1,30,90,"ma_po_1969_05_24_201_m","SELF","NOSURPRISE"
"memory",3000,3,-1,650,230,-230,0,2,97,"ma_po_1969_05_24_201_m","SELF","NOSURPRISE"
"memory",2351,1,1,500,230,-230,1,13,87,"ma_po_1969_05_24_201_m","SELF","SURPRISE"
"memory",1542,1,1,1100,230,-230,1,12,86,"ma_po_1969_05_24_201_m","SELF","SURPRISE"
"memory",1442,2,2,800,-230,230,0,30,94,"ma_po_1969_05_24_201_m","SELF","SURPRISE"
"memory",1691,1,1,1100,-230,230,1,15,70,"ma_po_1969_05_24_201_m","SELF","SURPRISE"
"memory",1202,1,1,650,-230,230,1,45,85,"ma_po_1969_05_24_201_m","SELF","SURPRISE"
"memory",1780,1,1,500,230,-230,1,39,92,"ma_po_1969_05_24_201_m","SELF","SURPRISE"
"memory",2440,1,1,500,230,-230,1,4,95,"ma_po_1969_05_24_201_m","SELF","SURPRISE"
"memory",1823,2,2,950,230,-230,0,37,87,"ma_po_1969_05_24_201_m","SELF","SURPRISE"
"memory",1642,1,1,800,-230,230,1,45,68,"ma_po_1969_05_24_201_m","SELF","SURPRISE"
"memory",1757,1,1,500,230,-230,1,47,73,"ma_po_1969_05_24_201_m","SELF","SURPRISE"
"memory",1761,1,1,650,230,-230,1,18,98,"ma_po_1969_05_24_201_m","SELF","SURPRISE"
"memory",1649,1,1,800,-230,230,1,23,53,"ma_po_1969_05_24_201_m","SELF","SURPRISE"
"memory",1529,1,1,650,-230,230,1,12,95,"ma_po_1969_05_24_201_m","SELF","SURPRISE"
"memory",1658,1,1,500,-230,230,1,10,57,"ma_po_1969_05_24_201_m","SELF","SURPRISE"
"memory",1745,1,1,500,230,-230,1,29,57,"ma_po_1969_05_24_201_m","SELF","SURPRISE"
"memory",1826,1,1,500,-230,230,1,23,100,"ma_po_1969_05_24_201_m","SELF","SURPRISE"
"memory",1892,1,1,800,230,-230,1,49,79,"ma_po_1969_05_24_201_m","SELF","SURPRISE"
"memory",1314,1,1,500,230,-230,1,46,55,"ma_po_1969_05_24_201_m","SELF","SURPRISE"
"memory",2059,1,1,950,-230,230,1,2,71,"ma_po_1969_05_24_201_m","SELF","SURPRISE"
"memory",1385,1,1,950,-230,230,1,10,62,"ma_po_1969_05_24_201_m","SELF","SURPRISE"
"memory",2291,1,1,950,230,-230,1,15,65,"ma_po_1969_05_24_201_m","SELF","SURPRISE"
"memory",2106,1,1,650,-230,230,1,40,79,"ma_po_1969_05_24_201_m","SELF","SURPRISE"
"memory",1744,1,1,800,230,-230,1,49,65,"ma_po_1969_05_24_201_m","SELF","SURPRISE"
"memory",3000,3,-1,800,230,-230,0,27,77,"ma_po_1969_05_24_201_m","SELF","SURPRISE"
"memory",1288,1,1,500,-230,230,1,45,68,"ma_po_1969_05_24_201_m","SELF","SURPRISE"
"memory",1901,1,1,800,-230,230,1,21,98,"ma_po_1969_05_24_201_m","SELF","SURPRISE"
"memory",2238,1,1,500,230,-230,1,12,79,"ma_po_1969_05_24_201_m","SELF","SURPRISE"
"memory",2814,1,1,500,230,-230,1,14,82,"ma_po_1969_05_24_201_m","SELF","SURPRISE"
"memory",2531,1,1,500,-230,230,1,40,89,"ma_po_1969_05_24_201_m","SELF","SURPRISE"
"memory",1252,1,1,500,-230,230,1,2,93,"ma_po_1969_05_24_201_m","SELF","SURPRISE"
"memory",2739,1,1,650,-230,230,1,26,79,"ma_po_1969_05_24_201_m","SELF","SURPRISE"
"memory",1952,1,1,650,230,-230,1,24,78,"ma_po_1969_05_24_201_m","SELF","SURPRISE"
"memory",2285,1,1,800,-230,230,1,17,89,"ma_po_1969_05_24_201_m","SELF","SURPRISE"
"memory",1666,1,1,800,230,-230,1,47,82,"ma_po_1969_05_24_201_m","SELF","SURPRISE"
"memory",1298,1,1,950,230,-230,1,25,58,"ma_po_1969_05_24_201_m","SELF","SURPRISE"
"memory",1622,1,1,500,-230,230,1,16,67,"ma_po_1969_05_24_201_m","SELF","SURPRISE"
"memory",1487,1,1,800,-230,230,1,25,73,"ma_po_1969_05_24_201_m","SELF","SURPRISE"
"memory",1667,1,1,650,230,-230,1,5,54,"ma_po_1969_05_24_201_m","SELF","SURPRISE"
"memory",1348,1,1,500,230,-230,1,23,75,"ma_po_1969_05_24_201_m","SELF","SURPRISE"
"memory",1876,1,1,650,-230,230,1,11,66,"ma_po_1969_05_24_201_m","SELF","SURPRISE"
"memory",1151,1,1,800,-230,230,1,17,55,"ma_po_1969_05_24_201_m","SELF","SURPRISE"
"memory",874,1,1,1100,-230,230,1,45,83,"ma_po_1969_05_24_201_m","SELF","SURPRISE"
"memory",1502,1,1,950,230,-230,1,40,93,"ma_po_1969_05_24_201_m","SELF","SURPRISE"
"memory",2279,1,1,1100,-230,230,1,14,65,"ma_po_1969_05_24_201_m","SELF","SURPRISE"
"memory",1660,1,1,800,230,-230,1,44,91,"ma_po_1969_05_24_201_m","SELF","SURPRISE"
"memory",2460,2,2,500,230,-230,0,42,78,"ma_po_1969_05_24_201_m","SELF","SURPRISE"
"memory",1550,1,1,650,230,-230,1,34,86,"ma_po_1969_05_24_201_m","SELF","SURPRISE"
"memory",3000,3,-1,650,-230,230,0,32,82,"ma_po_1969_05_24_201_m","SELF","SURPRISE"
"memory",1345,1,1,950,-230,230,1,29,68,"ma_po_1969_05_24_201_m","SELF","SURPRISE"
"memory",2742,1,1,650,230,-230,1,20,61,"ma_po_1969_05_24_201_m","SELF","SURPRISE"
"memory",3000,3,-1,500,-230,230,0,42,76,"ma_po_1969_05_24_201_m","STRANGER","NOSURPRISE"
"memory",1408,1,1,950,230,-230,1,11,57,"ma_po_1969_05_24_201_m","STRANGER","NOSURPRISE"
"memory",2056,1,1,950,-230,230,1,31,79,"ma_po_1969_05_24_201_m","STRANGER","NOSURPRISE"
"memory",1905,1,1,800,-230,230,1,8,62,"ma_po_1969_05_24_201_m","STRANGER","NOSURPRISE"
"memory",2037,2,2,800,-230,230,0,1,70,"ma_po_1969_05_24_201_m","STRANGER","NOSURPRISE"
"memory",2299,1,1,800,230,-230,1,6,58,"ma_po_1969_05_24_201_m","STRANGER","NOSURPRISE"
"memory",2387,2,2,950,230,-230,0,4,61,"ma_po_1969_05_24_201_m","STRANGER","NOSURPRISE"
"memory",1921,1,1,500,230,-230,1,11,95,"ma_po_1969_05_24_201_m","STRANGER","NOSURPRISE"
"memory",1607,1,1,800,230,-230,1,27,83,"ma_po_1969_05_24_201_m","STRANGER","NOSURPRISE"
"memory",3000,3,-1,950,-230,230,0,34,61,"ma_po_1969_05_24_201_m","STRANGER","NOSURPRISE"
"memory",2302,2,2,1100,-230,230,0,7,89,"ma_po_1969_05_24_201_m","STRANGER","NOSURPRISE"
"memory",2461,1,1,950,230,-230,1,45,74,"ma_po_1969_05_24_201_m","STRANGER","NOSURPRISE"
"memory",2019,1,1,800,230,-230,1,32,98,"ma_po_1969_05_24_201_m","STRANGER","NOSURPRISE"
"memory",1759,1,1,500,-230,230,1,23,60,"ma_po_1969_05_24_201_m","STRANGER","NOSURPRISE"
"memory",2457,2,2,800,230,-230,0,9,73,"ma_po_1969_05_24_201_m","STRANGER","NOSURPRISE"
"memory",1833,1,1,800,230,-230,1,30,56,"ma_po_1969_05_24_201_m","STRANGER","NOSURPRISE"
"memory",2407,1,1,950,-230,230,1,31,71,"ma_po_1969_05_24_201_m","STRANGER","NOSURPRISE"
"memory",1747,1,1,800,-230,230,1,2,55,"ma_po_1969_05_24_201_m","STRANGER","NOSURPRISE"
"memory",2488,1,1,800,-230,230,1,5,52,"ma_po_1969_05_24_201_m","STRANGER","NOSURPRISE"
"memory",1767,1,1,500,230,-230,1,1,86,"ma_po_1969_05_24_201_m","STRANGER","NOSURPRISE"
"memory",3000,3,-1,1100,230,-230,0,1,96,"ma_po_1969_05_24_201_m","STRANGER","NOSURPRISE"
"memory",1570,1,1,1100,-230,230,1,46,77,"ma_po_1969_05_24_201_m","STRANGER","NOSURPRISE"
"memory",1376,1,1,950,-230,230,1,29,63,"ma_po_1969_05_24_201_m","STRANGER","NOSURPRISE"
"memory",1796,1,1,950,-230,230,1,3,87,"ma_po_1969_05_24_201_m","STRANGER","NOSURPRISE"
"memory",2267,1,1,500,-230,230,1,12,98,"ma_po_1969_05_24_201_m","STRANGER","NOSURPRISE"
"memory",1921,2,2,650,-230,230,0,17,67,"ma_po_1969_05_24_201_m","STRANGER","NOSURPRISE"
"memory",1806,1,1,500,-230,230,1,5,97,"ma_po_1969_05_24_201_m","STRANGER","NOSURPRISE"
"memory",2036,1,1,650,230,-230,1,46,57,"ma_po_1969_05_24_201_m","STRANGER","NOSURPRISE"
"memory",2131,1,1,950,-230,230,1,50,95,"ma_po_1969_05_24_201_m","STRANGER","NOSURPRISE"
"memory",2224,1,1,800,-230,230,1,31,74,"ma_po_1969_05_24_201_m","STRANGER","NOSURPRISE"
"memory",1523,2,2,800,-230,230,0,22,89,"ma_po_1969_05_24_201_m","STRANGER","NOSURPRISE"
"memory",1391,1,1,1100,-230,230,1,44,63,"ma_po_1969_05_24_201_m","STRANGER","NOSURPRISE"
"memory",3000,3,-1,500,230,-230,0,35,74,"ma_po_1969_05_24_201_m","STRANGER","NOSURPRISE"
"memory",2804,1,1,650,230,-230,1,24,62,"ma_po_1969_05_24_201_m","STRANGER","NOSURPRISE"
"memory",2031,1,1,500,-230,230,1,7,57,"ma_po_1969_05_24_201_m","STRANGER","NOSURPRISE"
"memory",2576,2,2,950,230,-230,0,8,62,"ma_po_1969_05_24_201_m","STRANGER","NOSURPRISE"
"memory",1596,1,1,650,-230,230,1,40,95,"ma_po_1969_05_24_201_m","STRANGER","NOSURPRISE"
"memory",2005,2,2,650,-230,230,0,45,92,"ma_po_1969_05_24_201_m","STRANGER","NOSURPRISE"
"memory",2233,2,2,500,230,-230,0,8,76,"ma_po_1969_05_24_201_m","STRANGER","NOSURPRISE"
"memory",2600,2,2,650,-230,230,0,15,87,"ma_po_1969_05_24_201_m","STRANGER","NOSURPRISE"
"memory",2985,1,1,500,230,-230,1,49,86,"ma_po_1969_05_24_201_m","STRANGER","NOSURPRISE"
"memory",1919,1,1,800,-230,230,1,23,79,"ma_po_1969_05_24_201_m","STRANGER","NOSURPRISE"
"memory",1660,1,1,950,230,-230,1,25,75,"ma_po_1969_05_24_201_m","STRANGER","NOSURPRISE"
"memory",1889,1,1,650,230,-230,1,43,67,"ma_po_1969_05_24_201_m","STRANGER","NOSURPRISE"
"memory",2679,1,1,950,230,-230,1,9,78,"ma_po_1969_05_24_201_m","STRANGER","NOSURPRISE"
"memory",1839,1,1,650,230,-230,1,44,95,"ma_po_1969_05_24_201_m","STRANGER","NOSURPRISE"
"memory",2139,1,1,800,-230,230,1,15,52,"ma_po_1969_05_24_201_m","STRANGER","NOSURPRISE"
"memory",1550,1,1,800,230,-230,1,4,85,"ma_po_1969_05_24_201_m","STRANGER","NOSURPRISE"
"memory",2089,1,1,650,230,-230,1,16,65,"ma_po_1969_05_24_201_m","STRANGER","NOSURPRISE"
"memory",1645,2,2,950,230,-230,0,10,79,"ma_po_1969_05_24_201_m","STRANGER","NOSURPRISE"
"memory",2235,1,1,500,-230,230,1,13,100,"ma_po_1969_05_24_201_m","STRANGER","SURPRISE"
"memory",2594,1,1,500,230,-230,1,26,52,"ma_po_1969_05_24_201_m","STRANGER","SURPRISE"
"memory",3000,3,-1,1100,230,-230,0,20,63,"ma_po_1969_05_24_201_m","STRANGER","SURPRISE"
"memory",2230,1,1,950,-230,230,1,35,71,"ma_po_1969_05_24_201_m","STRANGER","SURPRISE"
"memory",2571,1,1,950,-230,230,1,20,63,"ma_po_1969_05_24_201_m","STRANGER","SURPRISE"
"memory",2892,1,1,800,-230,230,1,36,58,"ma_po_1969_05_24_201_m","STRANGER","SURPRISE"
"memory",2566,2,2,950,230,-230,0,43,96,"ma_po_1969_05_24_201_m","STRANGER","SURPRISE"
"memory",1069,1,1,650,-230,230,1,48,62,"ma_po_1969_05_24_201_m","STRANGER","SURPRISE"
"memory",1384,1,1,650,-230,230,1,47,93,"ma_po_1969_05_24_201_m","STRANGER","SURPRISE"
"memory",825,1,1,1100,-230,230,1,8,79,"ma_po_1969_05_24_201_m","STRANGER","SURPRISE"
"memory",1014,1,1,650,-230,230,1,12,97,"ma_po_1969_05_24_201_m","STRANGER","SURPRISE"
"memory",1574,1,1,950,230,-230,1,13,86,"ma_po_1969_05_24_201_m","STRANGER","SURPRISE"
"memory",2229,1,1,800,-230,230,1,42,67,"ma_po_1969_05_24_201_m","STRANGER","SURPRISE"
"memory",1351,1,1,800,230,-230,1,29,55,"ma_po_1969_05_24_201_m","STRANGER","SURPRISE"
"memory",3000,3,-1,950,-230,230,0,46,58,"ma_po_1969_05_24_201_m","STRANGER","SURPRISE"
"memory",1914,1,1,1100,230,-230,1,12,80,"ma_po_1969_05_24_201_m","STRANGER","SURPRISE"
"memory",2913,1,1,950,-230,230,1,50,57,"ma_po_1969_05_24_201_m","STRANGER","SURPRISE"
"memory",1796,1,1,650,230,-230,1,1,71,"ma_po_1969_05_24_201_m","STRANGER","SURPRISE"
"memory",1752,1,1,950,230,-230,1,19,90,"ma_po_1969_05_24_201_m","STRANGER","SURPRISE"
"memory",2148,2,2,500,-230,230,0,5,55,"ma_po_1969_05_24_201_m","STRANGER","SURPRISE"
"memory",1665,1,1,800,230,-230,1,18,51,"ma_po_1969_05_24_201_m","STRANGER","SURPRISE"
"memory",1850,1,1,950,230,-230,1,27,51,"ma_po_1969_05_24_201_m","STRANGER","SURPRISE"
"memory",1582,1,1,1100,-230,230,1,42,53,"ma_po_1969_05_24_201_m","STRANGER","SURPRISE"
"memory",3000,3,-1,950,-230,230,0,22,95,"ma_po_1969_05_24_201_m","STRANGER","SURPRISE"
"memory",2460,1,1,950,230,-230,1,15,58,"ma_po_1969_05_24_201_m","STRANGER","SURPRISE"
"memory",1893,1,1,500,-230,230,1,5,55,"ma_po_1969_05_24_201_m","STRANGER","SURPRISE"
"memory",1793,1,1,950,230,-230,1,7,56,"ma_po_1969_05_24_201_m","STRANGER","SURPRISE"
"memory",2591,1,1,950,-230,230,1,40,99,"ma_po_1969_05_24_201_m","STRANGER","SURPRISE"
"memory",3001,1,1,500,230,-230,1,10,98,"ma_po_1969_05_24_201_m","STRANGER","SURPRISE"
"memory",2618,1,1,950,230,-230,1,37,71,"ma_po_1969_05_24_201_m","STRANGER","SURPRISE"
"memory",1947,1,1,950,230,-230,1,36,51,"ma_po_1969_05_24_201_m","STRANGER","SURPRISE"
"memory",1397,1,1,500,230,-230,1,42,91,"ma_po_1969_05_24_201_m","STRANGER","SURPRISE"
"memory",2235,1,1,650,-230,230,1,37,83,"ma_po_1969_05_24_201_m","STRANGER","SURPRISE"
"memory",1670,1,1,800,230,-230,1,30,95,"ma_po_1969_05_24_201_m","STRANGER","SURPRISE"
"memory",1723,1,1,1100,-230,230,1,36,80,"ma_po_1969_05_24_201_m","STRANGER","SURPRISE"
"memory",1514,1,1,650,-230,230,1,47,89,"ma_po_1969_05_24_201_m","STRANGER","SURPRISE"
"memory",2566,1,1,1100,230,-230,1,24,93,"ma_po_1969_05_24_201_m","STRANGER","SURPRISE"
"memory",2213,1,1,800,230,-230,1,39,59,"ma_po_1969_05_24_201_m","STRANGER","SURPRISE"
"memory",2680,1,1,500,230,-230,1,26,52,"ma_po_1969_05_24_201_m","STRANGER","SURPRISE"
"memory",2428,1,1,800,-230,230,1,1,66,"ma_po_1969_05_24_201_m","STRANGER","SURPRISE"
"memory",1789,1,1,1100,230,-230,1,41,81,"ma_po_1969_05_24_201_m","STRANGER","SURPRISE"
"memory",1326,1,1,800,230,-230,1,11,82,"ma_po_1969_05_24_201_m","STRANGER","SURPRISE"
"memory",2953,1,1,950,230,-230,1,28,97,"ma_po_1969_05_24_201_m","STRANGER","SURPRISE"
"memory",1898,1,1,800,-230,230,1,12,97,"ma_po_1969_05_24_201_m","STRANGER","SURPRISE"
"memory",2126,1,1,800,230,-230,1,30,62,"ma_po_1969_05_24_201_m","STRANGER","SURPRISE"
"memory",2262,1,1,950,-230,230,1,27,87,"ma_po_1969_05_24_201_m","STRANGER","SURPRISE"
"memory",1655,2,2,800,-230,230,0,9,100,"ma_po_1969_05_24_201_m","STRANGER","SURPRISE"
"memory",2403,1,1,500,230,-230,1,14,60,"ma_po_1969_05_24_201_m","STRANGER","SURPRISE"
"memory",1573,1,1,800,-230,230,1,40,75,"ma_po_1969_05_24_201_m","STRANGER","SURPRISE"
"memory",1745,1,1,800,230,-230,1,2,69,"ma_po_1969_05_24_201_m","STRANGER","SURPRISE"
"memory",1820,1,1,650,-230,230,1,20,63,"st_ce_1960_04_23_403_f","SELF","NOSURPRISE"
"memory",3000,3,-1,950,-230,230,0,22,77,"st_ce_1960_04_23_403_f","SELF","NOSURPRISE"
"memory",1833,1,1,650,230,-230,1,11,81,"st_ce_1960_04_23_403_f","SELF","NOSURPRISE"
"memory",1519,1,1,500,230,-230,1,6,65,"st_ce_1960_04_23_403_f","SELF","NOSURPRISE"
"memory",1136,1,1,950,230,-230,1,30,68,"st_ce_1960_04_23_403_f","SELF","NOSURPRISE"
"memory",1874,1,1,800,-230,230,1,12,80,"st_ce_1960_04_23_403_f","SELF","NOSURPRISE"
"memory",2780,1,1,650,230,-230,1,7,73,"st_ce_1960_04_23_403_f","SELF","NOSURPRISE"
"memory",1335,1,1,800,230,-230,1,21,69,"st_ce_1960_04_23_403_f","SELF","NOSURPRISE"
"memory",1036,1,1,500,230,-230,1,36,63,"st_ce_1960_04_23_403_f","SELF","NOSURPRISE"
"memory",1815,1,1,650,-230,230,1,16,100,"st_ce_1960_04_23_403_f","SELF","NOSURPRISE"
"memory",1988,1,1,950,230,-230,1,33,81,"st_ce_1960_04_23_403_f","SELF","NOSURPRISE"
"memory",2306,1,1,800,-230,230,1,10,98,"st_ce_1960_04_23_403_f","SELF","NOSURPRISE"
"memory",1465,1,1,800,230,-230,1,14,91,"st_ce_1960_04_23_403_f","SELF","NOSURPRISE"
"memory",1175,1,1,650,230,-230,1,37,53,"st_ce_1960_04_23_403_f","SELF","NOSURPRISE"
"memory",1540,1,1,500,-230,230,1,40,76,"st_ce_1960_04_23_403_f","SELF","NOSURPRISE"
"memory",2315,1,1,950,230,-230,1,39,57,"st_ce_1960_04_23_403_f","SELF","NOSURPRISE"
"memory",2028,1,1,500,-230,230,1,23,87,"st_ce_1960_04_23_403_f","SELF","NOSURPRISE"
"memory",1166,1,1,800,-230,230,1,3,90,"st_ce_1960_04_23_403_f","SELF","NOSURPRISE"
"memory",2151,1,1,800,230,-230,1,22,98,"st_ce_1960_04_23_403_f","SELF","NOSURPRISE"
"memory",1448,1,1,500,230,-230,1,10,97,"st_ce_1960_04_23_403_f","SELF","NOSURPRISE"
"memory",1324,1,1,650,230,-230,1,47,87,"st_ce_1960_04_23_403_f","SELF","NOSURPRISE"
"memory",1400,1,1,950,230,-230,1,16,56,"st_ce_1960_04_23_403_f","SELF","NOSURPRISE"
"memory",1772,1,1,950,230,-230,1,24,52,"st_ce_1960_04_23_403_f","SELF","NOSURPRISE"
"memory",1448,1,1,650,-230,230,1,49,71,"st_ce_1960_04_23_403_f","SELF","NOSURPRISE"
"memory",1448,1,1,500,230,-230,1,10,90,"st_ce_1960_04_23_403_f","SELF","NOSURPRISE"
"memory",1827,1,1,800,230,-230,1,41,77,"st_ce_1960_04_23_403_f","SELF","NOSURPRISE"
"memory",1584,1,1,650,-230,230,1,17,64,"st_ce_1960_04_23_403_f","SELF","NOSURPRISE"
"memory",1455,1,1,650,230,-230,1,36,79,"st_ce_1960_04_23_403_f","SELF","NOSURPRISE"
"memory",1824,1,1,500,-230,230,1,3,93,"st_ce_1960_04_23_403_f","SELF","NOSURPRISE"
"memory",1685,1,1,500,230,-230,1,28,75,"st_ce_1960_04_23_403_f","SELF","NOSURPRISE"
"memory",1289,1,1,650,230,-230,1,7,100,"st_ce_1960_04_23_403_f","SELF","NOSURPRISE"
"memory",1573,1,1,950,-230,230,1,41,94,"st_ce_1960_04_23_403_f","SELF","NOSURPRISE"
"memory",2159,1,1,800,230,-230,1,15,57,"st_ce_1960_04_23_403_f","SELF","NOSURPRISE"
"memory",1476,1,1,950,230,-230,1,9,100,"st_ce_1960_04_23_403_f","SELF","NOSURPRISE"
"memory",2706,1,1,950,-230,230,1,22,86,"st_ce_1960_04_23_403_f","SELF","NOSURPRISE"
"memory",2428,1,1,800,230,-230,1,23,62,"st_ce_1960_04_23_403_f","SELF","NOSURPRISE"
"memory",1730,1,1,800,230,-230,1,33,84,"st_ce_1960_04_23_403_f","SELF","NOSURPRISE"
"memory",1055,2,2,650,-230,230,0,1,98,"st_ce_1960_04_23_403_f","SELF","NOSURPRISE"
"memory",2171,1,1,800,-230,230,1,25,55,"st_ce_1960_04_23_403_f","SELF","NOSURPRISE"
"memory",1451,1,1,500,-230,230,1,8,95,"st_ce_1960_04_23_403_f","SELF","NOSURPRISE"
"memory",1679,1,1,800,230,-230,1,6,73,"st_ce_1960_04_23_403_f","SELF","NOSURPRISE"
"memory",2358,1,1,500,-230,230,1,2,100,"st_ce_1960_04_23_403_f","SELF","NOSURPRISE"
"memory",2715,1,1,950,-230,230,1,22,94,"st_ce_1960_04_23_403_f","SELF","NOSURPRISE"
"memory",881,1,1,500,-230,230,1,24,68,"st_ce_1960_04_23_403_f","SELF","NOSURPRISE"
"memory",1632,1,1,800,-230,230,1,43,97,"st_ce_1960_04_23_403_f","SELF","NOSURPRISE"
"memory",1861,1,1,650,-230,230,1,27,67,"st_ce_1960_04_23_403_f","SELF","NOSURPRISE"
"memory",1759,1,1,500,-230,230,1,20,66,"st_ce_1960_04_23_403_f","SELF","NOSURPRISE"
"memory",1348,1,1,650,-230,230,1,44,84,"st_ce_1960_04_23_403_f","SELF","NOSURPRISE"
"memory",1788,1,1,500,230,-230,1,40,70,"st_ce_1960_04_23_403_f","SELF","NOSURPRISE"
"memory",1351,1,1,500,230,-230,1,12,62,"st_ce_1960_04_23_403_f","SELF","NOSURPRISE"
"memory",1986,1,1,950,-230,230,1,32,88,"st_ce_1960_04_23_403_f","SELF","SURPRISE"
"memory",1289,1,1,500,-230,230,1,6,70,"st_ce_1960_04_23_403_f","SELF","SURPRISE"
"memory",1459,1,1,500,-230,230,1,26,96,"st_ce_1960_04_23_403_f","SELF","SURPRISE"
"memory",1931,1,1,650,230,-230,1,32,58,"st_ce_1960_04_23_403_f","SELF","SURPRISE"
"memory",1693,1,1,650,-230,230,1,40,70,"st_ce_1960_04_23_403_f","SELF","SURPRISE"
"memory",1149,1,1,500,-230,230,1,26,62,"st_ce_1960_04_23_403_f","SELF","SURPRISE"
"memory",1215,1,1,500,-230,230,1,15,67,"st_ce_1960_04_23_403_f","SELF","SURPRISE"
"memory",1759,1,1,800,230,-230,1,36,94,"st_ce_1960_04_23_403_f","SELF","SURPRISE"
"memory",1497,1,1,1100,230,-230,1,19,63,"st_ce_1960_04_23_403_f","SELF","SURPRISE"
"memory",1214,1,1,950,230,-230,1,8,80,"st_ce_1960_04_23_403_f","SELF","SURPRISE"
"memory",1123,1,1,1100,230,-230,1,15,71,"st_ce_1960_04_23_403_f","SELF","SURPRISE"
"memory",1382,1,1,950,230,-230,1,49,60,"st_ce_1960_04_23_403_f","SELF","SURPRISE"
"memory",2023,1,1,1100,230,-230,1,24,58,"st_ce_1960_04_23_403_f","SELF","SURPRISE"
"memory",1543,1,1,950,-230,230,1,22,80,"st_ce_1960_04_23_403_f","SELF","SURPRISE"
"memory",2196,1,1,500,230,-230,1,15,52,"st_ce_1960_04_23_403_f","SELF","SURPRISE"
"memory",2944,1,1,650,230,-230,1,20,71,"st_ce_1960_04_23_403_f","SELF","SURPRISE"
"memory",1569,1,1,1100,230,-230,1,16,64,"st_ce_1960_04_23_403_f","SELF","SURPRISE"
"memory",1964,1,1,650,-230,230,1,22,79,"st_ce_1960_04_23_403_f","SELF","SURPRISE"
"memory",1940,1,1,950,230,-230,1,30,90,"st_ce_1960_04_23_403_f","SELF","SURPRISE"
"memory",2360,1,1,1100,-230,230,1,8,86,"st_ce_1960_04_23_403_f","SELF","SURPRISE"
"memory",1640,1,1,800,230,-230,1,11,98,"st_ce_1960_04_23_403_f","SELF","SURPRISE"
"memory",1618,1,1,950,-230,230,1,11,55,"st_ce_1960_04_23_403_f","SELF","SURPRISE"
"memory",1879,1,1,800,230,-230,1,17,90,"st_ce_1960_04_23_403_f","SELF","SURPRISE"
"memory",1262,1,1,1100,230,-230,1,48,85,"st_ce_1960_04_23_403_f","SELF","SURPRISE"
"memory",2756,1,1,800,230,-230,1,22,58,"st_ce_1960_04_23_403_f","SELF","SURPRISE"
"memory",1899,1,1,500,-230,230,1,4,73,"st_ce_1960_04_23_403_f","SELF","SURPRISE"
"memory",1190,1,1,500,-230,230,1,5,80,"st_ce_1960_04_23_403_f","SELF","SURPRISE"
"memory",1443,1,1,800,-230,230,1,19,65,"st_ce_1960_04_23_403_f","SELF","SURPRISE"
"memory",1767,1,1,800,230,-230,1,43,68,"st_ce_1960_04_23_403_f","SELF","SURPRISE"
"memory",2007,1,1,1100,-230,230,1,41,79,"st_ce_1960_04_23_403_f","SELF","SURPRISE"
"memory",1607,1,1,650,230,-230,1,42,58,"st_ce_1960_04_23_403_f","SELF","SURPRISE"
"memory",1209,1,1,500,230,-230,1,32,86,"st_ce_1960_04_23_403_f","SELF","SURPRISE"
"memory",1863,1,1,800,-230,230,1,35,57,"st_ce_1960_04_23_403_f","SELF","SURPRISE"
"memory",1300,1,1,950,-230,230,1,7,95,"st_ce_1960_04_23_403_f","SELF","SURPRISE"
"memory",3000,3,-1,500,230,-230,0,28,90,"st_ce_1960_04_23_403_f","SELF","SURPRISE"
"memory",1687,1,1,500,230,-230,1,34,99,"st_ce_1960_04_23_403_f","SELF","SURPRISE"
"memory",3000,3,-1,950,-230,230,0,9,88,"st_ce_1960_04_23_403_f","SELF","SURPRISE"
"memory",1279,1,1,950,-230,230,1,7,68,"st_ce_1960_04_23_403_f","SELF","SURPRISE"
"memory",1748,1,1,650,-230,230,1,40,64,"st_ce_1960_04_23_403_f","SELF","SURPRISE"
"memory",1834,1,1,650,230,-230,1,35,69,"st_ce_1960_04_23_403_f","SELF","SURPRISE"
"memory",1885,1,1,950,230,-230,1,37,51,"st_ce_1960_04_23_403_f","SELF","SURPRISE"
"memory",1401,1,1,500,230,-230,1,49,86,"st_ce_1960_04_23_403_f","SELF","SURPRISE"
"memory",1123,1,1,800,230,-230,1,5,77,"st_ce_1960_04_23_403_f","SELF","SURPRISE"
"memory",1565,1,1,950,-230,230,1,23,98,"st_ce_1960_04_23_403_f","SELF","SURPRISE"
"memory",3000,3,-1,500,-230,230,0,2,70,"st_ce_1960_04_23_403_f","SELF","SURPRISE"
"memory",1497,1,1,800,230,-230,1,17,99,"st_ce_1960_04_23_403_f","SELF","SURPRISE"
"memory",1397,1,1,500,-230,230,1,23,81,"st_ce_1960_04_23_403_f","SELF","SURPRISE"
"memory",2103,1,1,650,230,-230,1,29,79,"st_ce_1960_04_23_403_f","SELF","SURPRISE"
"memory",1218,1,1,950,-230,230,1,6,62,"st_ce_1960_04_23_403_f","SELF","SURPRISE"
"memory",1794,1,1,500,230,-230,1,21,86,"st_ce_1960_04_23_403_f","SELF","SURPRISE"
"memory",1786,1,1,650,-230,230,1,44,51,"ST_CE_1960_04_23_403_f","STRANGER","NOSURPRISE"
"memory",1365,1,1,950,-230,230,1,8,59,"ST_CE_1960_04_23_403_f","STRANGER","NOSURPRISE"
"memory",1435,1,1,800,-230,230,1,17,97,"ST_CE_1960_04_23_403_f","STRANGER","NOSURPRISE"
"memory",1174,1,1,650,-230,230,1,47,73,"ST_CE_1960_04_23_403_f","STRANGER","NOSURPRISE"
"memory",1722,1,1,950,230,-230,1,37,62,"ST_CE_1960_04_23_403_f","STRANGER","NOSURPRISE"
"memory",2178,1,1,950,-230,230,1,28,96,"ST_CE_1960_04_23_403_f","STRANGER","NOSURPRISE"
"memory",1330,1,1,1100,-230,230,1,44,57,"ST_CE_1960_04_23_403_f","STRANGER","NOSURPRISE"
"memory",1929,1,1,950,230,-230,1,6,96,"ST_CE_1960_04_23_403_f","STRANGER","NOSURPRISE"
"memory",1959,1,1,500,-230,230,1,10,76,"ST_CE_1960_04_23_403_f","STRANGER","NOSURPRISE"
"memory",1611,1,1,500,230,-230,1,39,75,"ST_CE_1960_04_23_403_f","STRANGER","NOSURPRISE"
"memory",2362,1,1,500,-230,230,1,4,59,"ST_CE_1960_04_23_403_f","STRANGER","NOSURPRISE"
"memory",1802,1,1,950,230,-230,1,36,56,"ST_CE_1960_04_23_403_f","STRANGER","NOSURPRISE"
"memory",2089,1,1,500,-230,230,1,33,70,"ST_CE_1960_04_23_403_f","STRANGER","NOSURPRISE"
"memory",2477,1,1,500,230,-230,1,42,76,"ST_CE_1960_04_23_403_f","STRANGER","NOSURPRISE"
"memory",1019,1,1,650,230,-230,1,8,57,"ST_CE_1960_04_23_403_f","STRANGER","NOSURPRISE"
"memory",1325,1,1,650,230,-230,1,31,79,"ST_CE_1960_04_23_403_f","STRANGER","NOSURPRISE"
"memory",1509,1,1,650,230,-230,1,47,73,"ST_CE_1960_04_23_403_f","STRANGER","NOSURPRISE"
"memory",1670,1,1,1100,-230,230,1,7,79,"ST_CE_1960_04_23_403_f","STRANGER","NOSURPRISE"
"memory",3000,3,-1,500,-230,230,0,34,80,"ST_CE_1960_04_23_403_f","STRANGER","NOSURPRISE"
"memory",2879,1,1,650,-230,230,1,1,97,"ST_CE_1960_04_23_403_f","STRANGER","NOSURPRISE"
"memory",1923,1,1,500,-230,230,1,20,78,"ST_CE_1960_04_23_403_f","STRANGER","NOSURPRISE"
"memory",1308,1,1,950,-230,230,1,47,52,"ST_CE_1960_04_23_403_f","STRANGER","NOSURPRISE"
"memory",2909,1,1,500,-230,230,1,45,73,"ST_CE_1960_04_23_403_f","STRANGER","NOSURPRISE"
"memory",2222,1,1,650,230,-230,1,21,84,"ST_CE_1960_04_23_403_f","STRANGER","NOSURPRISE"
"memory",2197,2,2,650,-230,230,0,13,73,"ST_CE_1960_04_23_403_f","STRANGER","NOSURPRISE"
"memory",1191,1,1,950,230,-230,1,21,73,"ST_CE_1960_04_23_403_f","STRANGER","NOSURPRISE"
"memory",1635,1,1,800,-230,230,1,25,74,"ST_CE_1960_04_23_403_f","STRANGER","NOSURPRISE"
"memory",1665,1,1,650,-230,230,1,46,63,"ST_CE_1960_04_23_403_f","STRANGER","NOSURPRISE"
"memory",3000,3,-1,800,-230,230,0,38,100,"ST_CE_1960_04_23_403_f","STRANGER","NOSURPRISE"
"memory",1162,1,1,950,-230,230,1,7,67,"ST_CE_1960_04_23_403_f","STRANGER","NOSURPRISE"
"memory",1664,1,1,500,-230,230,1,49,65,"ST_CE_1960_04_23_403_f","STRANGER","NOSURPRISE"
"memory",3000,3,-1,1100,230,-230,0,23,69,"ST_CE_1960_04_23_403_f","STRANGER","NOSURPRISE"
"memory",1642,1,1,800,-230,230,1,48,67,"ST_CE_1960_04_23_403_f","STRANGER","NOSURPRISE"
"memory",1320,1,1,1100,-230,230,1,48,70,"ST_CE_1960_04_23_403_f","STRANGER","NOSURPRISE"
"memory",1553,1,1,950,-230,230,1,9,92,"ST_CE_1960_04_23_403_f","STRANGER","NOSURPRISE"
"memory",1117,1,1,500,-230,230,1,50,73,"ST_CE_1960_04_23_403_f","STRANGER","NOSURPRISE"
"memory",1871,1,1,500,230,-230,1,47,88,"ST_CE_1960_04_23_403_f","STRANGER","NOSURPRISE"
"memory",1920,1,1,800,-230,230,1,7,80,"ST_CE_1960_04_23_403_f","STRANGER","NOSURPRISE"
"memory",1199,1,1,950,-230,230,1,44,63,"ST_CE_1960_04_23_403_f","STRANGER","NOSURPRISE"
"memory",1564,1,1,1100,230,-230,1,4,70,"ST_CE_1960_04_23_403_f","STRANGER","NOSURPRISE"
"memory",2344,1,1,950,230,-230,1,41,53,"ST_CE_1960_04_23_403_f","STRANGER","NOSURPRISE"
"memory",2135,1,1,800,230,-230,1,28,55,"ST_CE_1960_04_23_403_f","STRANGER","NOSURPRISE"
"memory",2542,2,2,800,-230,230,0,1,51,"ST_CE_1960_04_23_403_f","STRANGER","NOSURPRISE"
"memory",3000,3,-1,650,-230,230,0,11,88,"ST_CE_1960_04_23_403_f","STRANGER","NOSURPRISE"
"memory",2805,2,2,800,-230,230,0,24,88,"ST_CE_1960_04_23_403_f","STRANGER","NOSURPRISE"
"memory",1612,1,1,800,230,-230,1,4,55,"ST_CE_1960_04_23_403_f","STRANGER","NOSURPRISE"
"memory",1282,1,1,500,230,-230,1,49,99,"ST_CE_1960_04_23_403_f","STRANGER","NOSURPRISE"
"memory",1945,1,1,950,-230,230,1,30,90,"ST_CE_1960_04_23_403_f","STRANGER","NOSURPRISE"
"memory",3000,3,-1,800,230,-230,0,35,59,"ST_CE_1960_04_23_403_f","STRANGER","NOSURPRISE"
"memory",1672,1,1,500,230,-230,1,43,72,"ST_CE_1960_04_23_403_f","STRANGER","NOSURPRISE"
"memory",1786,1,1,650,-230,230,1,44,51,"ST_CE_1960_04_23_403_f","STRANGER","SURPRISE"
"memory",1365,1,1,950,-230,230,1,8,59,"ST_CE_1960_04_23_403_f","STRANGER","SURPRISE"
"memory",1435,1,1,800,-230,230,1,17,97,"ST_CE_1960_04_23_403_f","STRANGER","SURPRISE"
"memory",1174,1,1,650,-230,230,1,47,73,"ST_CE_1960_04_23_403_f","STRANGER","SURPRISE"
"memory",1722,1,1,950,230,-230,1,37,62,"ST_CE_1960_04_23_403_f","STRANGER","SURPRISE"
"memory",2178,1,1,950,-230,230,1,28,96,"ST_CE_1960_04_23_403_f","STRANGER","SURPRISE"
"memory",1330,1,1,1100,-230,230,1,44,57,"ST_CE_1960_04_23_403_f","STRANGER","SURPRISE"
"memory",1929,1,1,950,230,-230,1,6,96,"ST_CE_1960_04_23_403_f","STRANGER","SURPRISE"
"memory",1959,1,1,500,-230,230,1,10,76,"ST_CE_1960_04_23_403_f","STRANGER","SURPRISE"
"memory",1611,1,1,500,230,-230,1,39,75,"ST_CE_1960_04_23_403_f","STRANGER","SURPRISE"
"memory",2362,1,1,500,-230,230,1,4,59,"ST_CE_1960_04_23_403_f","STRANGER","SURPRISE"
"memory",1802,1,1,950,230,-230,1,36,56,"ST_CE_1960_04_23_403_f","STRANGER","SURPRISE"
"memory",2089,1,1,500,-230,230,1,33,70,"ST_CE_1960_04_23_403_f","STRANGER","SURPRISE"
"memory",2477,1,1,500,230,-230,1,42,76,"ST_CE_1960_04_23_403_f","STRANGER","SURPRISE"
"memory",1019,1,1,650,230,-230,1,8,57,"ST_CE_1960_04_23_403_f","STRANGER","SURPRISE"
"memory",1325,1,1,650,230,-230,1,31,79,"ST_CE_1960_04_23_403_f","STRANGER","SURPRISE"
"memory",1509,1,1,650,230,-230,1,47,73,"ST_CE_1960_04_23_403_f","STRANGER","SURPRISE"
"memory",1670,1,1,1100,-230,230,1,7,79,"ST_CE_1960_04_23_403_f","STRANGER","SURPRISE"
"memory",3000,3,-1,500,-230,230,0,34,80,"ST_CE_1960_04_23_403_f","STRANGER","SURPRISE"
"memory",2879,1,1,650,-230,230,1,1,97,"ST_CE_1960_04_23_403_f","STRANGER","SURPRISE"
"memory",1923,1,1,500,-230,230,1,20,78,"ST_CE_1960_04_23_403_f","STRANGER","SURPRISE"
"memory",1308,1,1,950,-230,230,1,47,52,"ST_CE_1960_04_23_403_f","STRANGER","SURPRISE"
"memory",2909,1,1,500,-230,230,1,45,73,"ST_CE_1960_04_23_403_f","STRANGER","SURPRISE"
"memory",2222,1,1,650,230,-230,1,21,84,"ST_CE_1960_04_23_403_f","STRANGER","SURPRISE"
"memory",2197,2,2,650,-230,230,0,13,73,"ST_CE_1960_04_23_403_f","STRANGER","SURPRISE"
"memory",1191,1,1,950,230,-230,1,21,73,"ST_CE_1960_04_23_403_f","STRANGER","SURPRISE"
"memory",1635,1,1,800,-230,230,1,25,74,"ST_CE_1960_04_23_403_f","STRANGER","SURPRISE"
"memory",1665,1,1,650,-230,230,1,46,63,"ST_CE_1960_04_23_403_f","STRANGER","SURPRISE"
"memory",3000,3,-1,800,-230,230,0,38,100,"ST_CE_1960_04_23_403_f","STRANGER","SURPRISE"
"memory",1162,1,1,950,-230,230,1,7,67,"ST_CE_1960_04_23_403_f","STRANGER","SURPRISE"
"memory",1664,1,1,500,-230,230,1,49,65,"ST_CE_1960_04_23_403_f","STRANGER","SURPRISE"
"memory",3000,3,-1,1100,230,-230,0,23,69,"ST_CE_1960_04_23_403_f","STRANGER","SURPRISE"
"memory",1642,1,1,800,-230,230,1,48,67,"ST_CE_1960_04_23_403_f","STRANGER","SURPRISE"
"memory",1320,1,1,1100,-230,230,1,48,70,"ST_CE_1960_04_23_403_f","STRANGER","SURPRISE"
"memory",1553,1,1,950,-230,230,1,9,92,"ST_CE_1960_04_23_403_f","STRANGER","SURPRISE"
"memory",1117,1,1,500,-230,230,1,50,73,"ST_CE_1960_04_23_403_f","STRANGER","SURPRISE"
"memory",1871,1,1,500,230,-230,1,47,88,"ST_CE_1960_04_23_403_f","STRANGER","SURPRISE"
"memory",1920,1,1,800,-230,230,1,7,80,"ST_CE_1960_04_23_403_f","STRANGER","SURPRISE"
"memory",1199,1,1,950,-230,230,1,44,63,"ST_CE_1960_04_23_403_f","STRANGER","SURPRISE"
"memory",1564,1,1,1100,230,-230,1,4,70,"ST_CE_1960_04_23_403_f","STRANGER","SURPRISE"
"memory",2344,1,1,950,230,-230,1,41,53,"ST_CE_1960_04_23_403_f","STRANGER","SURPRISE"
"memory",2135,1,1,800,230,-230,1,28,55,"ST_CE_1960_04_23_403_f","STRANGER","SURPRISE"
"memory",2542,2,2,800,-230,230,0,1,51,"ST_CE_1960_04_23_403_f","STRANGER","SURPRISE"
"memory",3000,3,-1,650,-230,230,0,11,88,"ST_CE_1960_04_23_403_f","STRANGER","SURPRISE"
"memory",2805,2,2,800,-230,230,0,24,88,"ST_CE_1960_04_23_403_f","STRANGER","SURPRISE"
"memory",1612,1,1,800,230,-230,1,4,55,"ST_CE_1960_04_23_403_f","STRANGER","SURPRISE"
"memory",1282,1,1,500,230,-230,1,49,99,"ST_CE_1960_04_23_403_f","STRANGER","SURPRISE"
"memory",1945,1,1,950,-230,230,1,30,90,"ST_CE_1960_04_23_403_f","STRANGER","SURPRISE"
"memory",3000,3,-1,800,230,-230,0,35,59,"ST_CE_1960_04_23_403_f","STRANGER","SURPRISE"
"memory",1672,1,1,500,230,-230,1,43,72,"ST_CE_1960_04_23_403_f","STRANGER","SURPRISE"
